transactionTime,eventId,accountNumber,merchantId,mcc,merchantCountry,merchantZip,posEntryMode,transactionAmount,availableCash
2017-01-01T03:53:34Z,85602730A1,645c318d,66f14e,5541,36,,5,10.95,1500
2017-01-03T13:15:07Z,101536761A1,f42ba1f1,5f7cd4,5968,840,,81,18.06,1500
2017-01-03T13:27:22Z,101536857A1,f42ba1f1,aebafc,4814,826,0,1,11.0,1500
2017-01-03T13:27:02Z,101536329A1,f42ba1f1,aebafc,4814,826,0,1,9.0,1500
2017-01-03T13:38:15Z,101536953A1,f42ba1f1,7e57ae,4816,840,,81,0.0,1500
2017-01-03T13:46:20Z,101536425A1,f42ba1f1,5f7cd4,5968,840,,81,18.05,1500
2017-01-03T13:37:54Z,101536905A1,f42ba1f1,3ec034,5655,840,,1,0.74,1500
2017-01-03T13:43:45Z,101536473A1,f42ba1f1,d354c5,5941,840,,1,1.36,1500
2017-01-03T14:09:52Z,101536617A1,f42ba1f1,3ec034,5655,840,,1,5.9,1500
2017-01-04T05:49:21Z,104586217A1,10ef7261,e6cc82,3000,840,,1,678.81,10500
2017-01-04T06:53:01Z,20199491A1,ad54a099,dfdaf7,5945,826,RG21,81,34.95,9500
2017-01-04T09:26:35Z,20195987A1,ad54a099,dfdaf7,5945,826,RG21,81,34.98,9500
2017-01-05T16:31:53Z,99703706A1,e75ff353,da7143,7011,40,,81,57.75,6500
2017-01-07T05:04:54Z,99702986A1,e75ff353,5523f5,4722,756,,81,673.46,6500
2017-01-07T08:59:45Z,20197235A1,ad54a099,5d3676,4814,826,RG14,1,51.0,9500
2017-01-09T15:28:59Z,58090386A1,8203f290,49d254,7372,826,LS3,81,0.04,7500
2017-01-10T05:42:47Z,65643804A1,b8796d10,ae50b4,4816,840,,81,0.05,2500
2017-01-10T06:06:14Z,65656332A1,b8796d10,ae50b4,4816,840,,81,0.01,2500
2017-01-12T03:59:38Z,72882048A1,52dbe09d,dcba9a,5997,840,,1,2.18,8500
2017-01-13T22:27:25Z,83592029A1,3630e530,baabe3,6012,826,0,81,0.95,1500
2017-01-15T11:50:13Z,64728836A1,9635e973,ede0e8,4814,826,0,81,1.01,500
2017-01-15T11:40:58Z,64727828A1,9635e973,ede0e8,4814,826,0,81,0.99,500
2017-01-16T13:04:07Z,85348135A1,a8b4b4df,03155f,5967,826,0,81,0.0,500
2017-01-16T13:34:32Z,85347943A1,a8b4b4df,9ebdc2,5967,659,,81,1.34,500
2017-01-16T13:56:21Z,85348087A1,a8b4b4df,5fd54a,5967,659,,81,1.19,500
2017-01-17T15:28:13Z,85347607A1,a8b4b4df,03155f,5967,826,0,81,26.28,500
2017-01-17T19:42:43Z,14261788A1,3c971982,24d598,7277,826,N14,1,79.0,11500
2017-01-17T20:14:01Z,14259340A1,3c971982,0becdd,5941,840,,1,1.08,10500
2017-01-17T19:38:54Z,14258380A1,3c971982,f529dc,6300,826,BH1,1,43.63,11500
2017-01-17T19:49:13Z,14259820A1,3c971982,948a99,4814,826,AL10,1,4.0,11500
2017-01-17T19:10:58Z,14259772A1,3c971982,24d598,7277,826,N14,1,21.0,11500
2017-01-18T12:53:12Z,85348183A1,a8b4b4df,03155f,5967,826,0,81,26.19,500
2017-01-25T10:08:48Z,67030733A1,886e31b3,2656d6,4814,826,0,1,3.0,500
2017-01-28T04:54:03Z,14258428A1,3c971982,e62a12,8220,826,SP1,81,22.95,11500
2017-01-28T04:45:41Z,14260012A1,3c971982,c5bb97,5999,840,,1,6.33,11500
2017-01-28T09:20:01Z,14213761A1,499ef8d0,50933c,7311,840,,81,4.62,7500
2017-02-05T22:28:26Z,37082628A1,2d45a83a,421bd2,7011,250,,1,68.44,2500
2017-02-10T02:49:46Z,98624638A1,9eac278c,8df691,7375,196,,81,8.31,1500
2017-02-11T18:15:48Z,91728622A1,5e6b5736,6.20E+62,7999,840,,90,57.77,3500
2017-02-12T18:28:43Z,4604148A1,02e867dd,e62a12,8220,826,SP1,81,15.55,8500
2017-02-13T12:40:08Z,4599636A1,02e867dd,19ffc3,5999,442,,81,0.64,8500
2017-02-19T05:18:53Z,1631786A1,4193b70e,e6d8ec,6011,826,0,5,99.0,1500
2017-02-19T14:13:53Z,27644786A1,72911a75,c4de65,6011,826,BN21,5,99.0,500
2017-02-19T14:20:27Z,27644402A1,72911a75,c4de65,6011,826,BN21,5,49.0,500
2017-02-19T14:15:05Z,27644210A1,72911a75,c4de65,6011,826,BN21,5,21.0,500
2017-02-21T02:24:30Z,16670796A1,39219923,4fd0ff,5735,442,,81,7.34,1500
2017-02-21T05:13:33Z,16669212A1,39219923,4fd0ff,5735,442,,81,7.15,1500
2017-02-21T06:00:28Z,16669692A1,39219923,4fd0ff,5735,442,,81,8.59,1500
2017-02-21T20:37:47Z,16671228A1,39219923,4fd0ff,5735,442,,81,6.99,1500
2017-02-22T03:51:28Z,16671900A1,39219923,4fd0ff,5735,442,,81,7.84,1500
2017-02-22T23:45:37Z,5012637A1,28a02655,b4b749,5967,826,0,81,24.04,2500
2017-02-23T11:42:08Z,14970044A1,0168db8b,8f5997,7299,826,0,1,26.0,500
2017-02-23T11:34:37Z,14970236A1,0168db8b,8f5997,7299,826,0,1,206.0,500
2017-02-23T11:11:44Z,14970284A1,0168db8b,8f5997,7299,826,0,1,103.43,500
2017-02-23T10:52:54Z,14970140A1,0168db8b,8f5997,7299,826,0,1,49.0,500
2017-02-23T10:44:55Z,14969948A1,0168db8b,8f5997,7299,826,0,1,26.0,500
2017-02-23T11:09:24Z,86700271A1,92925c57,1b9211,5941,826,0,81,99.0,500
2017-02-23T18:25:17Z,86700511A1,92925c57,574fd3,5812,826,0,81,35.02,500
2017-02-23T18:48:58Z,86700655A1,92925c57,3a4201,5814,826,0,1,32.04,500
2017-02-25T22:37:14Z,16671660A1,39219923,4fd0ff,5735,442,,81,8.88,1500
2017-02-26T16:41:26Z,46262214A1,887ed33e,604048,6011,826,EH6,5,131.0,500
2017-02-26T16:34:31Z,46260438A1,887ed33e,604048,6011,826,EH6,5,99.0,500
2017-02-26T16:36:16Z,46263942A1,887ed33e,604048,6011,826,EH6,5,49.0,500
2017-02-26T16:34:30Z,46260822A1,887ed33e,604048,6011,826,EH6,5,21.0,500
2017-02-28T18:38:39Z,4460337A1,1d48d444,aebafc,4814,826,0,1,11.0,500
2017-02-28T18:24:08Z,4460145A1,1d48d444,1.33E+03,5651,840,,1,3.39,500
2017-02-28T19:31:23Z,16669980A1,39219923,087f71,5968,826,BT2,1,19.01,1500
2017-03-01T15:30:12Z,16671852A1,39219923,4fd0ff,5735,442,,81,7.59,1500
2017-03-03T06:16:32Z,52169643A1,acde5948,ca3cf9,5967,826,DH8,81,39.95,1500
2017-03-05T07:22:42Z,14260828A1,3c971982,74c971,5719,826,M26,81,1171.09,11500
2017-03-05T10:03:30Z,16670556A1,39219923,4fd0ff,5735,442,,81,8.18,1500
2017-03-06T05:57:01Z,81967080A1,6802eefc,275431,8999,442,,81,0.0,1500
2017-03-06T05:44:26Z,81967320A1,6802eefc,bc3041,5735,826,0,81,10.01,1500
2017-03-06T06:20:53Z,14258860A1,3c971982,63e6ea,5541,826,SW2,1,11.0,11500
2017-03-06T06:29:05Z,14255932A1,3c971982,2739c5,5651,840,,1,2.26,11500
2017-03-07T23:20:28Z,16670988A1,39219923,4fd0ff,5735,442,,81,7.94,1500
2017-03-08T23:17:18Z,52168203A1,acde5948,ca3cf9,5967,826,DH8,81,50.05,1500
2017-03-11T12:31:49Z,65983875A1,75246a51,b86628,5967,826,0,1,39.88,500
2017-03-12T10:15:09Z,16669356A1,39219923,4fd0ff,5735,442,,81,8.09,1500
2017-03-12T14:52:58Z,52170939A1,acde5948,ca3cf9,5967,826,DH8,81,29.92,1500
2017-03-13T12:12:15Z,29154743A1,d5ee14f9,7fed17,5964,826,W37QE,1,2.0,8500
2017-03-13T12:11:10Z,29164151A1,d5ee14f9,19ffc3,5999,442,,81,0.63,7500
2017-03-13T12:16:00Z,29161799A1,d5ee14f9,7f7cdb,8999,442,,81,419.92,8500
2017-03-14T00:59:15Z,82412338A1,a34793f1,93157c,5967,826,0,81,2.0,500
2017-03-14T01:19:28Z,82412578A1,a34793f1,e06e1b,5967,826,0,81,2.0,500
2017-03-14T01:14:54Z,82411282A1,a34793f1,aeb0cd,5967,659,,81,1.39,500
2017-03-14T06:50:03Z,12077838A1,7707d35c,8e0572,6300,380,,1,850.83,7500
2017-03-16T10:08:44Z,52562373A1,6df8423f,191f29,5967,196,,81,18.38,500
2017-03-16T10:43:14Z,52561461A1,6df8423f,191f29,5967,196,,81,18.34,500
2017-03-16T11:11:54Z,52562229A1,6df8423f,191f29,5967,196,,81,18.36,500
2017-03-17T02:09:41Z,52171275A1,acde5948,ca3cf9,5967,826,DH8,81,29.9,1500
2017-03-18T07:53:25Z,44208365A1,ebdb6a4f,f63b70,5499,840,,81,214.13,2500
2017-03-18T23:00:12Z,16671516A1,39219923,4fd0ff,5735,442,,81,7.74,1500
2017-03-19T04:32:15Z,16670220A1,39219923,4fd0ff,5735,442,,81,7.02,1500
2017-03-20T01:27:13Z,16671372A1,39219923,4fd0ff,5735,442,,81,7.06,1500
2017-03-20T04:37:50Z,16669404A1,39219923,4fd0ff,5735,442,,81,7.87,1500
2017-03-20T04:25:21Z,16669260A1,39219923,4fd0ff,5735,442,,81,7.78,1500
2017-03-20T04:07:58Z,16671564A1,39219923,4fd0ff,5735,442,,81,8.0,1500
2017-03-20T16:24:47Z,16670892A1,39219923,4fd0ff,5735,442,,81,7.87,1500
2017-03-21T02:02:00Z,16670268A1,39219923,4fd0ff,5735,442,,81,7.89,1500
2017-03-21T03:18:34Z,16670940A1,39219923,4fd0ff,5735,442,,81,8.35,1500
2017-03-21T03:26:54Z,16672044A1,39219923,4fd0ff,5735,442,,81,7.02,1500
2017-03-21T06:34:24Z,16669740A1,39219923,4fd0ff,5735,442,,81,8.23,1500
2017-03-21T19:15:04Z,16670652A1,39219923,4fd0ff,5735,442,,81,8.37,1500
2017-03-21T19:02:03Z,16671180A1,39219923,4fd0ff,5735,442,,81,7.3,1500
2017-03-22T01:22:53Z,16669836A1,39219923,4fd0ff,5735,442,,81,7.78,1500
2017-03-22T01:32:23Z,16670748A1,39219923,4fd0ff,5735,442,,81,7.97,1500
2017-03-22T02:21:01Z,65984067A1,75246a51,73ab83,5967,826,0,1,29.96,500
2017-03-22T13:58:08Z,42842721A1,6e2afb73,bca75d,5734,826,NG24,1,25.53,7500
2017-03-23T02:38:25Z,16668972A1,39219923,4fd0ff,5735,442,,81,7.14,1500
2017-03-23T03:30:59Z,16670844A1,39219923,4fd0ff,5735,442,,81,7.02,1500
2017-03-23T21:30:58Z,16670076A1,39219923,4fd0ff,5735,442,,81,8.28,1500
2017-03-23T20:38:09Z,16671948A1,39219923,4fd0ff,5735,442,,81,7.94,1500
2017-03-26T22:55:07Z,63142149A1,a527588b,48260b,5967,826,0,81,2.0,2500
2017-03-26T22:50:58Z,63141957A1,a527588b,48260b,5967,826,0,1,32.7,2500
2017-03-27T04:14:41Z,16670028A1,39219923,4fd0ff,5735,442,,81,9.17,1500
2017-03-28T19:02:36Z,54059810A1,a7462319,7e6649,7995,292,,81,441.0,8500
2017-03-28T20:02:23Z,54050690A1,a7462319,7e6649,7995,292,,81,401.0,7500
2017-03-28T19:34:24Z,54057458A1,a7462319,7e6649,7995,292,,81,399.0,7500
2017-03-28T19:34:38Z,54057746A1,a7462319,7e6649,7995,292,,81,99.0,7500
2017-03-28T19:43:01Z,54063170A1,a7462319,7e6649,7995,292,,81,449.0,7500
2017-03-29T10:22:43Z,16671468A1,39219923,4fd0ff,5735,442,,81,8.38,1500
2017-03-29T09:58:54Z,16671276A1,39219923,4fd0ff,5735,442,,81,8.44,1500
2017-03-29T10:20:06Z,16669068A1,39219923,4fd0ff,5735,442,,81,8.35,1500
2017-03-29T08:27:30Z,16671612A1,39219923,4fd0ff,5735,442,,81,8.27,1500
2017-03-29T08:44:54Z,16669932A1,39219923,4fd0ff,5735,442,,81,7.21,1500
2017-03-29T12:04:11Z,16670700A1,39219923,4fd0ff,5735,442,,81,7.88,1500
2017-03-29T11:45:59Z,16670364A1,39219923,4fd0ff,5735,442,,81,7.94,1500
2017-03-29T11:33:02Z,16670460A1,39219923,4fd0ff,5735,442,,81,7.38,1500
2017-03-29T11:34:22Z,16669788A1,39219923,4fd0ff,5735,442,,81,8.36,1500
2017-03-29T12:04:10Z,16669020A1,39219923,4fd0ff,5735,442,,81,7.47,1500
2017-03-29T19:13:47Z,16670316A1,39219923,087f71,5968,826,BT2,1,18.96,1500
2017-03-30T04:29:47Z,16669308A1,39219923,4fd0ff,5735,442,,81,7.09,1500
2017-03-30T04:33:10Z,16668924A1,39219923,4fd0ff,5735,442,,81,7.59,1500
2017-03-30T04:00:10Z,16671756A1,39219923,4fd0ff,5735,442,,81,7.48,1500
2017-03-31T01:08:37Z,64165602A1,431d4420,e19cde,5499,826,0,81,85.03,1500
2017-03-31T08:08:25Z,18044794A1,258f134c,7fed17,5964,826,W37QE,1,0.0,7500
2017-03-31T11:53:40Z,18046378A1,258f134c,262b33,5311,826,SW3,81,556.8,7500
2017-04-01T09:17:35Z,66576715A1,414a54aa,641ceb,4814,826,WA7,1,13.55,12500
2017-04-01T15:25:25Z,18030922A1,258f134c,262b33,5311,826,SW3,81,536.88,8500
2017-04-02T10:07:36Z,66585355A1,414a54aa,641ceb,4814,826,WA7,1,555.94,12500
2017-04-04T07:39:42Z,75882544A1,e9d4c780,81385,6540,40,,81,215.0,14500
2017-04-04T10:11:01Z,66578683A1,414a54aa,641ceb,4814,826,WA7,1,590.55,12500
2017-04-04T09:55:55Z,66596806A1,1.29E+88,c8c0a6,7841,840,,81,0.0,1500
2017-04-07T16:38:36Z,31212997A1,e5638d23,b0df39,5533,442,,81,7.74,4500
2017-04-07T17:36:24Z,31213909A1,e5638d23,e1c1e6,5251,826,LU5,81,44.96,4500
2017-04-09T10:17:44Z,31212469A1,e5638d23,6ab4f9,5261,826,HR4,81,27.98,4500
2017-04-10T04:13:01Z,90095787A1,b984ac53,4c87dd,4814,826,RG14,1,90.26,1500
2017-04-11T00:09:11Z,90096699A1,b984ac53,4c87dd,4814,826,RG14,1,90.13,1500
2017-04-11T00:09:14Z,90096603A1,b984ac53,4c87dd,4814,826,RG14,1,90.24,1500
2017-04-11T00:42:44Z,90096891A1,b984ac53,4c87dd,4814,826,RG14,1,90.24,1500
2017-04-11T19:30:40Z,79309680A1,53d1b7fb,4fd0ff,5735,442,,81,1.5,8500
2017-04-12T21:18:59Z,90096027A1,b984ac53,4c87dd,4814,826,RG14,1,90.26,1500
2017-04-16T15:30:22Z,37772990A1,ad3f5e14,4a2ad3,4814,826,0,1,19.0,1500
2017-04-16T17:08:16Z,69703541A1,f8f1e825,eae1cf,5967,826,0,81,32.37,500
2017-04-16T17:23:01Z,69708437A1,f8f1e825,eae1cf,5967,826,0,81,32.38,500
2017-04-16T17:37:45Z,69702389A1,f8f1e825,eae1cf,5967,826,0,81,32.23,500
2017-04-20T02:20:03Z,25700926A1,bd9f22c1,2dd386,5814,840,,1,0.19,4500
2017-04-20T02:33:01Z,25702798A1,bd9f22c1,d38fc5,7995,826,W26ER,81,9.0,4500
2017-04-20T02:36:35Z,25699006A1,bd9f22c1,ab5e98,5969,826,SL6,81,0.22,4500
2017-04-20T02:39:37Z,25699390A1,bd9f22c1,5189c5,7995,292,,81,9.0,4500
2017-04-20T05:01:57Z,25698622A1,bd9f22c1,bf79a3,7995,826,GY9,81,21.0,4500
2017-04-20T05:08:14Z,25699822A1,bd9f22c1,8bc708,4812,826,SL1,81,0.96,4500
2017-04-20T05:05:58Z,25701790A1,bd9f22c1,918ebe,7995,292,,81,19.0,4500
2017-04-20T05:16:48Z,25700542A1,bd9f22c1,5189c5,7995,292,,81,11.0,4500
2017-04-20T05:32:22Z,25700254A1,bd9f22c1,9c0fd9,7995,826,0,81,11.0,4500
2017-04-20T06:01:46Z,25701166A1,bd9f22c1,9c0fd9,7995,826,0,81,9.0,4500
2017-04-20T06:39:59Z,25698862A1,bd9f22c1,8b3550,7995,372,,81,11.0,4500
2017-04-20T07:16:07Z,25698814A1,bd9f22c1,bdfff2,7995,292,,81,9.0,4500
2017-04-20T06:47:13Z,25702030A1,bd9f22c1,f67339,7995,292,,81,9.0,4500
2017-04-20T06:56:24Z,25702702A1,bd9f22c1,463a34,7273,826,0,81,29.97,4500
2017-04-20T07:03:11Z,25701934A1,bd9f22c1,463a34,7273,826,0,81,9.9,4500
2017-04-20T08:13:24Z,25702222A1,bd9f22c1,456550,7392,826,TA7,81,29.0,4500
2017-04-20T08:42:08Z,25699870A1,bd9f22c1,aee0c3,7995,826,GY9,81,9.0,4500
2017-04-20T08:49:39Z,25701022A1,bd9f22c1,10f39f,7995,292,,81,11.0,4500
2017-04-22T13:01:02Z,31971812A1,97095664,a8fba7,7399,826,0,81,2.0,1500
2017-04-22T12:49:57Z,31971716A1,97095664,97bdb0,4812,826,0,81,1.01,1500
2017-04-22T12:47:55Z,5796882A1,8cf67a1c,88db71,6300,826,WS5,1,42.31,5500
2017-04-27T16:21:51Z,94155298A1,dd7d719a,0fca86,5698,840,,1,3.45,10500
2017-04-27T16:37:46Z,94155634A1,dd7d719a,d38fc5,7995,826,W26ER,81,9.0,11500
2017-04-27T17:09:13Z,94158370A1,dd7d719a,8bc708,4812,826,SL1,81,0.96,10500
2017-04-27T17:38:11Z,94154818A1,dd7d719a,9c0fd9,7995,826,0,81,11.0,10500
2017-04-28T20:56:04Z,50036746A1,ab09dc29,a0f3f9,5733,826,W42NL,81,1.06,1500
2017-04-28T21:28:35Z,50035690A1,ab09dc29,67dc66,7994,250,,81,6.95,1500
2017-04-28T22:09:59Z,50034538A1,ab09dc29,67dc66,7994,250,,81,6.86,1500
2017-04-28T22:05:58Z,50036554A1,ab09dc29,bebedc,4899,208,,81,0.1,1500
2017-04-28T22:06:42Z,50037178A1,ab09dc29,bebedc,4899,208,,81,2.0,1500
2017-04-28T22:56:34Z,50033290A1,ab09dc29,8e57dd,5441,826,SG8,81,5.88,1500
2017-04-29T01:30:41Z,50036698A1,ab09dc29,64d73e,7372,196,,81,12.89,1500
2017-04-29T00:59:09Z,50036362A1,ab09dc29,64d73e,7372,196,,81,32.22,1500
2017-04-29T02:42:33Z,50037850A1,ab09dc29,e7b981,7841,826,UB10,81,0.04,1500
2017-04-29T02:34:24Z,50033386A1,ab09dc29,e7b981,7841,826,UB10,81,0.11,1500
2017-04-29T02:35:07Z,50035258A1,ab09dc29,bebedc,4899,208,,81,0.12,1500
2017-04-29T02:45:59Z,50032426A1,ab09dc29,bebedc,4899,208,,81,2.0,1500
2017-04-29T03:45:32Z,6011683A1,696303c2,764809,4816,196,,81,39.06,14500
2017-04-29T14:31:07Z,50036122A1,ab09dc29,bebedc,4899,208,,81,0.08,1500
2017-04-29T14:38:46Z,50038378A1,ab09dc29,bebedc,4899,208,,81,2.0,1500
2017-05-01T00:47:08Z,2547545A1,c9882f1c,5d3676,4814,826,RG14,1,51.0,7500
2017-05-01T23:24:46Z,95694832A1,1c8df5be,3893aa,5969,826,G25EA,1,55.12,500
2017-05-11T02:02:23Z,31971044A1,97095664,c793f0,4511,404,,81,508.62,1500
2017-05-19T04:39:29Z,16040190A1,f8e83776,73acee,5499,840,,81,200.82,3500
2017-05-19T04:05:16Z,16040526A1,f8e83776,73acee,5499,840,,81,186.44,3500
2017-05-19T04:54:03Z,16040094A1,f8e83776,73acee,5499,840,,81,106.63,3500
2017-05-19T04:54:05Z,16039950A1,f8e83776,6ab85e,5698,840,,1,0.72,3500
2017-05-23T15:50:34Z,54208278A1,9b3ce87d,f2c1bd,5734,840,,81,15.18,8500
2017-05-23T17:40:25Z,54206214A1,9b3ce87d,f2c1bd,5734,840,,81,15.15,8500
2017-05-26T03:01:17Z,90540089A1,6c8aab9a,94cafc,5735,442,,81,8.23,4500
2017-05-26T16:46:20Z,90542249A1,6c8aab9a,022ac1,8398,840,,81,6.17,4500
2017-05-26T16:35:24Z,90526217A1,6c8aab9a,c98397,8398,840,,81,15.54,4500
2017-05-26T16:43:55Z,90538025A1,6c8aab9a,8b959a,5611,840,,81,0.5,4500
2017-05-26T16:47:49Z,90537065A1,6c8aab9a,8b959a,5611,840,,81,90.35,4500
2017-05-26T17:03:58Z,90531689A1,6c8aab9a,3b50d0,5651,840,,81,134.9,4500
2017-05-26T17:01:22Z,90540713A1,6c8aab9a,32a7b9,7299,372,,81,173.66,4500
2017-05-26T17:20:59Z,90539273A1,6c8aab9a,45cb39,4722,724,,81,337.8,4500
2017-05-26T17:51:48Z,90533321A1,6c8aab9a,97bb12,5967,840,,81,22.73,4500
2017-05-27T16:18:54Z,31952528A1,3e772d6b,e7df22,4814,840,,1,34.37,9500
2017-05-27T16:07:53Z,31949552A1,3e772d6b,e7df22,4814,840,,1,34.24,9500
2017-05-27T15:56:58Z,31950512A1,3e772d6b,e7df22,4814,840,,1,24.16,9500
2017-05-28T06:45:11Z,16040286A1,f8e83776,cb0da9,5997,840,,1,1.52,4500
2017-05-28T06:51:00Z,16040574A1,f8e83776,73acee,5499,840,,81,147.62,3500
2017-05-31T03:31:06Z,31953728A1,3e772d6b,e7df22,4814,840,,1,51.26,9500
2017-05-31T03:41:34Z,31951280A1,3e772d6b,e7df22,4814,840,,1,34.25,9500
2017-06-01T00:30:37Z,73649966A1,d06950aa,98d99b,5967,826,0,81,0.0,500
2017-06-01T00:57:56Z,73649726A1,d06950aa,a1a56c,5967,826,0,81,90.0,500
2017-06-02T17:53:48Z,78488136A1,10abde93,5f7cd4,5968,840,,81,17.4,3500
2017-06-02T19:00:58Z,78484296A1,10abde93,5f7cd4,5968,840,,81,17.35,3500
2017-06-03T21:44:18Z,89613847A1,50a66385,5025b0,5999,442,,81,0.62,5500
2017-06-04T05:09:50Z,31947104A1,3e772d6b,e7df22,4814,840,,1,23.94,9500
2017-06-04T10:24:07Z,13027478A1,9f2bf66e,8955de,3144,826,RH10,1,3018.44,4500
2017-06-04T11:37:51Z,89614855A1,50a66385,5025b0,5999,442,,81,0.63,5500
2017-06-04T11:26:20Z,89612791A1,50a66385,19ffc3,5999,442,,81,0.59,5500
2017-06-09T01:59:51Z,31952720A1,3e772d6b,e7df22,4814,840,,1,34.19,9500
2017-06-10T23:07:47Z,92589442A1,c5e8972f,273371,4812,826,SL1,1,21.0,10500
2017-06-11T00:58:36Z,89615239A1,50a66385,4fd0ff,5735,442,,81,1.56,5500
2017-06-11T19:08:46Z,11035987A1,9b53c424,c73664,6012,826,L32,1,4901.0,8500
2017-06-12T08:15:33Z,7118234A1,cddc7d2e,bca75d,5734,826,NG24,1,25.51,1500
2017-06-13T23:28:48Z,57565559A1,94c39106,e7c973,5311,826,SW1P,81,59.0,1500
2017-06-14T13:55:36Z,27648771A1,accd8410,262b33,5311,826,SW3,81,856.02,2500
2017-06-14T14:15:29Z,27655539A1,accd8410,95df6b,5310,826,MK9,81,473.93,3500
2017-06-14T14:29:22Z,27651459A1,accd8410,20a0f0,5977,840,,1,1.41,3500
2017-06-14T14:29:58Z,27649347A1,accd8410,20a0f0,5998,840,,1,2.57,3500
2017-06-14T14:06:33Z,27654579A1,accd8410,cb0da9,5713,840,,1,2.8,2500
2017-06-14T14:10:44Z,27645123A1,accd8410,1b301c,5940,840,,1,1.26,3500
2017-06-14T14:36:23Z,13018310A1,9f2bf66e,e62794,5661,826,L13AY,1,2.0,4500
2017-06-15T21:39:46Z,31953488A1,3e772d6b,e7df22,4814,840,,1,41.3,9500
2017-06-15T22:28:47Z,31951232A1,3e772d6b,7688df,5655,840,,81,299.41,9500
2017-06-16T19:20:12Z,89614087A1,50a66385,4fd0ff,5735,442,,81,1.58,5500
2017-06-16T21:03:07Z,89615287A1,50a66385,4337a8,5999,826,EN8,1,104.95,5500
2017-06-16T23:19:14Z,89613607A1,50a66385,4337a8,5999,826,EN8,1,105.04,5500
2017-06-17T23:48:49Z,11035843A1,9b53c424,508a1f,8999,826,SE1,1,819.0,8500
2017-06-18T00:03:19Z,92589154A1,c5e8972f,dc62a4,3246,826,CM24,81,119.36,10500
2017-06-19T09:23:06Z,102802854A1,8b9c15ea,8f3297,5699,840,,81,4.84,4500
2017-06-19T10:06:34Z,102808278A1,8b9c15ea,431bae,7299,826,WC2E,81,40.0,4500
2017-06-19T10:26:58Z,102807750A1,8b9c15ea,5b2d60,5734,840,,81,4.34,4500
2017-06-19T10:06:48Z,102813078A1,8b9c15ea,5b2d60,5734,840,,81,4.37,4500
2017-06-19T09:55:00Z,102810438A1,8b9c15ea,dc8004,5399,840,,81,101.99,4500
2017-06-19T09:44:33Z,102802182A1,8b9c15ea,04dc71,5735,840,,81,2.57,4500
2017-06-19T09:59:25Z,102807990A1,8b9c15ea,04dc71,5735,840,,81,2.64,4500
2017-06-19T09:44:10Z,102809430A1,8b9c15ea,04dc71,5735,840,,81,2.63,4500
2017-06-19T09:42:52Z,102814854A1,8b9c15ea,5b2d60,5734,840,,81,4.32,4500
2017-06-19T09:59:50Z,102804102A1,8b9c15ea,4f2f8a,5999,840,,81,45.64,4500
2017-06-19T09:55:52Z,102812454A1,8b9c15ea,5025b0,5999,442,,81,0.57,4500
2017-06-19T09:34:08Z,102807798A1,8b9c15ea,faf53b,5947,840,,81,64.92,4500
2017-06-19T09:16:07Z,102816390A1,8b9c15ea,a62591,5734,840,,81,4.34,4500
2017-06-19T09:45:48Z,102802710A1,8b9c15ea,1c5260,4816,840,,81,218.06,4500
2017-06-19T09:28:07Z,102816918A1,8b9c15ea,8f490c,5967,826,GY1,81,99.94,4500
2017-06-19T09:23:17Z,102816342A1,8b9c15ea,7f7cdb,5732,442,,81,5.03,4500
2017-06-19T10:04:33Z,102817446A1,8b9c15ea,eb0208,5967,840,,81,11.84,4500
2017-06-19T10:01:20Z,102816774A1,8b9c15ea,3d083c,5734,840,,81,50.29,4500
2017-06-19T10:11:03Z,102812310A1,8b9c15ea,45f3a5,7311,372,,81,6.35,4500
2017-06-19T09:51:08Z,102818022A1,8b9c15ea,631ec1,5651,840,,81,149.28,4500
2017-06-19T09:31:24Z,102812598A1,8b9c15ea,abdf7e,5399,480,,81,96.18,4500
2017-06-19T09:13:43Z,102817062A1,8b9c15ea,45f3a5,7311,372,,81,6.3,4500
2017-06-19T08:52:47Z,102813510A1,8b9c15ea,5025b0,5999,442,,81,0.66,4500
2017-06-19T08:35:08Z,102802326A1,8b9c15ea,45f3a5,7311,372,,81,6.43,4500
2017-06-19T08:45:50Z,102810294A1,8b9c15ea,1f0315,5399,840,,81,63.97,4500
2017-06-19T08:31:51Z,102814134A1,8b9c15ea,e1dedc,5734,528,,81,7.19,4500
2017-06-19T08:50:48Z,102808230A1,8b9c15ea,f23b52,5942,724,,81,423.9,4500
2017-06-19T08:43:15Z,102806118A1,8b9c15ea,8f3297,5699,840,,81,4.95,4500
2017-06-19T08:59:54Z,102817254A1,8b9c15ea,faf53b,5947,840,,81,64.89,4500
2017-06-19T08:46:38Z,102817158A1,8b9c15ea,307773,8398,840,,81,11.26,4500
2017-06-19T08:54:44Z,102802998A1,8b9c15ea,4bec23,5732,372,,81,269.91,4500
2017-06-19T09:06:22Z,102806742A1,8b9c15ea,919de2,5944,840,,1,62.44,4500
2017-06-19T09:19:00Z,102818214A1,8b9c15ea,4bec23,5732,372,,81,269.95,4500
2017-06-19T08:58:28Z,102802758A1,8b9c15ea,7b6980,5814,840,,1,27.79,4500
2017-06-19T08:44:13Z,102808710A1,8b9c15ea,50af37,5735,826,EC4V,81,37.12,4500
2017-06-19T08:59:03Z,102803334A1,8b9c15ea,532424,8398,840,,81,6.23,4500
2017-06-19T09:03:09Z,102817350A1,8b9c15ea,5b2d60,5734,840,,81,4.39,4500
2017-06-19T09:04:32Z,102811686A1,8b9c15ea,7b6980,5814,840,,1,27.83,4500
2017-06-19T09:22:24Z,102803622A1,8b9c15ea,8301b0,5950,840,,1,1.56,4500
2017-06-19T09:24:21Z,102815142A1,8b9c15ea,89494a,5992,840,,81,51.2,4500
2017-06-19T09:31:12Z,102815718A1,8b9c15ea,356de2,5967,372,,81,1.22,4500
2017-06-19T10:00:19Z,102813702A1,8b9c15ea,557086,5814,840,,1,17.13,4500
2017-06-19T09:57:01Z,102815670A1,8b9c15ea,5025b0,5999,442,,81,0.64,4500
2017-06-19T10:05:25Z,102814662A1,8b9c15ea,557086,5814,840,,1,17.12,4500
2017-06-19T10:31:57Z,102805830A1,8b9c15ea,d1f137,5691,840,,81,78.04,4500
2017-06-19T10:30:30Z,102817734A1,8b9c15ea,ea3da0,5200,250,,81,84.36,4500
2017-06-19T10:19:42Z,102807174A1,8b9c15ea,557086,5814,840,,1,9.58,4500
2017-06-19T10:10:12Z,102810534A1,8b9c15ea,557086,5814,840,,1,9.49,4500
2017-06-19T10:06:16Z,102815526A1,8b9c15ea,38ec44,6012,616,,0,0.42,4500
2017-06-19T10:19:44Z,102815334A1,8b9c15ea,38ec44,6012,616,,0,20.14,4500
2017-06-19T10:06:33Z,102811542A1,8b9c15ea,5025b0,5999,442,,81,0.74,4500
2017-06-19T10:16:11Z,102804870A1,8b9c15ea,350a1b,4112,840,,1,394.81,4500
2017-06-19T10:28:37Z,102810054A1,8b9c15ea,5a564e,5732,372,,81,2.0,4500
2017-06-19T10:35:29Z,102802470A1,8b9c15ea,389b3d,5441,826,DE55,81,51.9,4500
2017-06-19T10:14:39Z,102804678A1,8b9c15ea,181f82,5732,372,,81,846.93,4500
2017-06-19T10:05:18Z,102812742A1,8b9c15ea,c0c5ae,5814,840,,81,9.02,4500
2017-06-19T09:51:08Z,102808758A1,8b9c15ea,c0c5ae,5814,840,,81,8.94,4500
2017-06-19T09:43:19Z,102805734A1,8b9c15ea,8da469,8398,840,,81,3.11,4500
2017-06-19T09:26:09Z,102812646A1,8b9c15ea,5b2d60,5734,840,,81,4.37,4500
2017-06-19T09:45:07Z,102814998A1,8b9c15ea,2b8de1,8062,840,,81,3.19,4500
2017-06-19T09:26:21Z,102808182A1,8b9c15ea,5b2d60,5734,840,,81,4.39,4500
2017-06-19T09:39:06Z,102807462A1,8b9c15ea,b2a436,5511,840,,1,3.05,4500
2017-06-19T09:57:13Z,102811158A1,8b9c15ea,532424,8398,840,,81,6.37,4500
2017-06-19T10:00:44Z,102805158A1,8b9c15ea,5b2d60,5734,840,,81,4.34,4500
2017-06-19T10:01:11Z,102809478A1,8b9c15ea,532424,8398,840,,81,6.27,4500
2017-06-19T10:23:23Z,102804582A1,8b9c15ea,b3db23,7399,250,,81,33.84,4500
2017-06-19T10:03:00Z,102817206A1,8b9c15ea,5b2d60,5734,840,,81,4.4,4500
2017-06-19T10:19:03Z,102812214A1,8b9c15ea,5b2d60,5734,840,,81,4.4,4500
2017-06-19T10:26:52Z,102809622A1,8b9c15ea,5b2d60,5734,840,,81,4.38,4500
2017-06-19T10:41:30Z,102805590A1,8b9c15ea,5b2d60,5734,840,,81,4.35,4500
2017-06-19T11:07:51Z,102813270A1,8b9c15ea,7b6677,4511,724,,1,457.02,4500
2017-06-19T10:53:43Z,102806598A1,8b9c15ea,5b2d60,5734,840,,81,4.38,4500
2017-06-19T10:41:44Z,102804966A1,8b9c15ea,7b6677,4511,724,,1,445.06,4500
2017-06-19T10:43:07Z,102803430A1,8b9c15ea,f3cddb,7399,250,,81,36.25,4500
2017-06-19T10:59:04Z,102802806A1,8b9c15ea,3cacd4,7399,250,,81,80.4,4500
2017-06-19T11:06:43Z,102808374A1,8b9c15ea,8e5823,5691,826,0,81,141.0,4500
2017-06-19T12:02:10Z,102817974A1,8b9c15ea,e75a47,3381,250,,81,94.81,4500
2017-06-19T11:50:00Z,102813414A1,8b9c15ea,e75a47,3381,250,,81,94.9,4500
2017-06-19T12:07:37Z,102807366A1,8b9c15ea,e75a47,3381,250,,81,94.88,4500
2017-06-19T12:52:17Z,89614279A1,50a66385,4fd0ff,5735,442,,81,1.56,5500
2017-06-19T23:16:01Z,102805302A1,8b9c15ea,58cef8,5969,840,,81,3.08,4500
2017-06-19T23:32:37Z,102810390A1,8b9c15ea,431bae,7299,826,WC2E,81,3.0,4500
2017-06-20T02:24:19Z,89613463A1,50a66385,37c7cf,5310,826,WA11,1,403.87,5500
2017-06-20T03:31:14Z,89613079A1,50a66385,37c7cf,5310,826,WA11,1,352.94,5500
2017-06-20T04:11:26Z,89613799A1,50a66385,37c7cf,5310,826,WA11,1,406.91,5500
2017-06-20T04:22:16Z,89614231A1,50a66385,4fd0ff,5735,442,,81,1.63,5500
2017-06-20T04:54:04Z,89615095A1,50a66385,5f22f6,5732,826,HP2,1,439.01,5500
2017-06-20T05:11:42Z,11036131A1,9b53c424,c73664,6012,826,L32,1,789.9,7500
2017-06-20T05:17:51Z,11035747A1,9b53c424,c73664,6012,826,L32,1,789.87,7500
2017-06-20T05:00:31Z,11036035A1,9b53c424,c73664,6012,826,L32,1,351.0,7500
2017-06-20T05:33:51Z,89612983A1,50a66385,6f123b,5940,826,B98,81,186.97,5500
2017-06-20T05:28:36Z,89614807A1,50a66385,5c01e4,5734,442,,81,2.0,5500
2017-06-20T10:14:08Z,89614375A1,50a66385,87f272,4814,826,DL1,1,20.81,5500
2017-06-20T10:30:07Z,102804006A1,8b9c15ea,58cef8,5969,840,,81,3.13,4500
2017-06-20T10:44:21Z,102808566A1,8b9c15ea,da5585,5969,840,,1,8.07,4500
2017-06-20T19:53:56Z,102806022A1,8b9c15ea,62a4ba,5814,826,E70QH,1,30.65,4500
2017-06-21T03:41:29Z,2993245A1,7158941b,45d79b,5968,442,,81,50.0,1500
2017-06-21T04:26:29Z,102803766A1,8b9c15ea,62a4ba,5814,826,E70QH,1,25.22,4500
2017-06-21T06:30:35Z,102813222A1,8b9c15ea,948a99,4814,826,AL10,1,31.0,4500
2017-06-21T07:08:45Z,102810870A1,8b9c15ea,948a99,4814,826,AL10,1,41.94,4500
2017-06-21T08:34:41Z,102805878A1,8b9c15ea,b0e4b3,4812,826,B81A,81,2.0,4500
2017-06-21T14:36:55Z,102814950A1,8b9c15ea,b0e4b3,4812,826,B81A,81,57.84,4500
2017-06-21T17:38:28Z,102806262A1,8b9c15ea,58cef8,5969,840,,81,3.11,4500
2017-06-22T06:16:40Z,102813990A1,8b9c15ea,948a99,4814,826,AL10,1,117.71,4500
2017-06-22T12:13:53Z,58613109A1,8f18eb4a,a1a56c,5967,826,0,81,0.0,500
2017-06-22T13:08:44Z,58613061A1,8f18eb4a,98d99b,5967,826,0,81,88.0,500
2017-06-22T12:51:49Z,102806406A1,8b9c15ea,62a4ba,5814,826,E70QH,1,38.14,4500
2017-06-22T12:41:47Z,58613013A1,8f18eb4a,cb180a,5967,250,,81,75.4,500
2017-06-22T12:40:11Z,58613877A1,8f18eb4a,2c3fc4,5967,196,,81,75.42,500
2017-06-22T12:40:56Z,58613733A1,8f18eb4a,1c3cd3,5967,826,0,81,75.36,500
2017-06-22T17:32:43Z,38885753A1,463b999e,4.05E+06,5912,344,,1,597.94,1500
2017-06-22T17:25:19Z,38885897A1,463b999e,4.05E+06,5912,344,,1,597.94,1500
2017-06-23T18:12:03Z,102811014A1,8b9c15ea,18dd38,5814,826,E10,1,56.4,4500
2017-06-23T18:24:21Z,102816966A1,8b9c15ea,18dd38,5814,826,E10,1,54.43,4500
2017-06-23T18:53:44Z,102810198A1,8b9c15ea,f273ef,5814,826,E10,1,89.85,4500
2017-06-23T20:17:27Z,58613829A1,8f18eb4a,98d99b,5967,826,0,81,88.0,500
2017-06-24T00:42:40Z,95799534A1,165de817,8392eb,4722,826,0,1,2.0,1500
2017-06-24T00:41:00Z,95796414A1,165de817,8392eb,4722,826,0,1,11.0,1500
2017-06-24T00:31:34Z,95799390A1,165de817,8392eb,4722,826,0,1,0.0,1500
2017-06-24T00:29:54Z,95797806A1,165de817,2848d5,3010,826,33178,81,404.67,1500
2017-06-24T18:31:35Z,102807894A1,8b9c15ea,948a99,4814,826,AL10,1,41.79,4500
2017-06-24T20:19:13Z,102809094A1,8b9c15ea,b0e4b3,4812,826,B81A,81,57.91,4500
2017-07-01T01:17:26Z,56713489A1,ebc5537b,70654e,5719,840,,1,4.44,2500
2017-07-01T04:10:14Z,56716033A1,ebc5537b,a6f658,5941,826,TQ12,81,150.94,2500
2017-07-01T03:53:06Z,56711905A1,ebc5537b,a6f658,5941,826,TQ12,81,168.94,2500
2017-07-01T04:17:57Z,56714545A1,ebc5537b,a6f658,5941,826,TQ12,81,203.84,2500
2017-07-01T04:09:48Z,56712625A1,ebc5537b,a6f658,5941,826,TQ12,81,48.93,2500
2017-07-05T00:27:30Z,19523557A1,0f5d1c45,a920d8,6011,840,,2,128.23,500
2017-07-05T01:14:33Z,19523125A1,0f5d1c45,a920d8,6011,840,,2,128.13,500
2017-07-05T03:13:56Z,19523317A1,0f5d1c45,288cb4,5732,840,,90,191.73,500
2017-07-05T03:33:34Z,19524613A1,0f5d1c45,288cb4,5732,840,,90,191.83,500
2017-07-05T04:13:22Z,19524757A1,0f5d1c45,9cb9b8,5912,840,,90,127.51,500
2017-07-06T08:00:08Z,76856322A1,749acd16,b13029,4722,826,11111,81,733.64,1500
2017-07-06T08:26:33Z,76855410A1,749acd16,5ffdb0,5969,36,,81,1.21,1500
2017-07-06T08:16:55Z,76855266A1,749acd16,d04284,4511,826,HA0,81,606.69,1500
2017-07-06T07:57:30Z,76856610A1,749acd16,5ffdb0,5969,36,,81,1.22,1500
2017-07-06T08:05:02Z,76855794A1,749acd16,b13029,4722,826,11111,81,443.78,1500
2017-07-06T08:30:13Z,76855314A1,749acd16,8f3ef2,5967,470,,81,26.38,1500
2017-07-06T08:40:42Z,76856178A1,749acd16,5ffdb0,5969,36,,81,2.98,1500
2017-07-06T08:47:44Z,76856370A1,749acd16,5ffdb0,5969,36,,81,5.9,1500
2017-07-06T08:26:27Z,76855698A1,749acd16,5ffdb0,5969,36,,81,14.6,1500
2017-07-06T08:11:30Z,76855122A1,749acd16,5ffdb0,5969,36,,81,58.84,1500
2017-07-06T08:18:21Z,76856130A1,749acd16,5ffdb0,5969,36,,81,29.44,1500
2017-07-06T08:16:55Z,76855170A1,749acd16,5ffdb0,5969,36,,81,14.61,1500
2017-07-06T08:49:54Z,76855218A1,749acd16,5ffdb0,5969,36,,81,7.06,1500
2017-07-06T09:06:06Z,76855506A1,749acd16,5ffdb0,5969,36,,81,3.48,1500
2017-07-06T08:50:32Z,76856226A1,749acd16,5ffdb0,5969,36,,81,3.56,1500
2017-07-06T08:47:48Z,76855074A1,749acd16,5ffdb0,5969,36,,81,1.77,1500
2017-07-06T08:40:56Z,76856274A1,749acd16,5ffdb0,5969,36,,81,1.12,1500
2017-07-06T08:39:47Z,76855938A1,749acd16,d3f65c,4816,840,,81,0.67,1500
2017-07-06T08:20:16Z,76855890A1,749acd16,fbeb30,5967,840,,81,0.65,1500
2017-07-06T08:30:24Z,76855602A1,749acd16,d3f65c,4816,840,,81,0.58,1500
2017-07-06T08:12:33Z,76856466A1,749acd16,5d143f,5967,840,,81,0.49,1500
2017-07-06T08:18:08Z,76855458A1,749acd16,e2edb0,5967,372,,81,0.0,1500
2017-07-06T08:30:58Z,76856562A1,749acd16,e2edb0,5967,372,,81,2.0,1500
2017-07-06T08:29:32Z,76855842A1,749acd16,bc05e2,5941,840,,1,0.82,1500
2017-07-09T06:56:55Z,31139236A1,00115f26,2449aa,5999,840,,1,2.82,7500
2017-07-10T21:54:14Z,77962339A1,2e6bbec5,394bdb,6051,826,G11DA,1,712.27,7500
2017-07-10T22:43:56Z,77954179A1,2e6bbec5,bd866f,6012,826,NW8,1,441.85,7500
2017-07-14T20:56:21Z,14672356A1,bbfcb4be,8d416f,3381,380,,1,37.29,10500
2017-07-19T12:24:20Z,72183487A1,1602df4e,b7b0f7,5734,840,,81,3.75,3500
2017-07-19T12:40:50Z,72182767A1,1602df4e,2d907a,5734,826,0,81,42.31,3500
2017-07-19T12:48:05Z,72196255A1,1602df4e,b7b0f7,5734,840,,81,3.69,3500
2017-07-19T12:42:02Z,72181135A1,1602df4e,aed522,5969,36,,81,34.88,3500
2017-07-19T12:28:53Z,72198847A1,1602df4e,792b37,5045,840,,81,74.99,3500
2017-07-19T12:19:21Z,72183727A1,1602df4e,b7b0f7,5734,840,,81,9.42,3500
2017-07-19T12:15:43Z,72189583A1,1602df4e,b7b0f7,5734,840,,81,3.72,3500
2017-07-19T12:39:52Z,72185167A1,1602df4e,452cb5,5399,840,,81,70.07,3500
2017-07-19T12:30:50Z,72194143A1,1602df4e,9e9b8e,4814,250,,81,12.62,3500
2017-07-19T12:43:09Z,72184063A1,1602df4e,d98652,4816,372,,81,19.0,3500
2017-07-19T12:51:37Z,72183871A1,1602df4e,6a5933,5735,840,,81,2.64,3500
2017-07-19T13:00:21Z,72188191A1,1602df4e,8acd5f,5621,36,,81,62.26,3500
2017-07-19T13:13:18Z,72196927A1,1602df4e,c39b00,8398,840,,81,6.25,3500
2017-07-19T12:48:06Z,72190735A1,1602df4e,6a5933,5735,840,,81,4.7,3500
2017-07-19T12:37:59Z,72181423A1,1602df4e,6a5933,5735,840,,81,2.72,3500
2017-07-19T12:54:50Z,72197887A1,1602df4e,50b2f9,7372,840,,81,0.0,3500
2017-07-19T13:03:02Z,72197311A1,1602df4e,73c34e,7922,840,,81,398.43,3500
2017-07-19T13:22:46Z,72180799A1,1602df4e,6a5933,5735,840,,81,1.94,3500
2017-07-19T13:35:05Z,72185599A1,1602df4e,281616,5099,840,,81,347.62,3500
2017-07-19T13:12:54Z,72183967A1,1602df4e,6a5933,5735,840,,81,5.91,3500
2017-07-19T13:20:50Z,72191407A1,1602df4e,6a5933,5735,840,,81,2.07,3500
2017-07-19T13:27:51Z,72184303A1,1602df4e,5e1e6b,5965,840,,81,593.0,3500
2017-07-19T13:05:49Z,72186031A1,1602df4e,6a5933,5735,840,,81,1.38,3500
2017-07-19T13:00:53Z,72195535A1,1602df4e,6a5933,5735,840,,81,2.02,3500
2017-07-19T13:43:54Z,72188239A1,1602df4e,80f2c1,5945,826,0,81,23.13,3500
2017-07-19T13:37:07Z,72191023A1,1602df4e,ef0c71,5812,376,,1,32.2,3500
2017-07-19T13:27:39Z,72183679A1,1602df4e,6a5933,5735,840,,81,2.74,3500
2017-07-19T13:25:17Z,72182623A1,1602df4e,6a5933,5735,840,,81,2.7,3500
2017-07-19T13:18:36Z,72198319A1,1602df4e,6a5933,5735,840,,81,2.57,3500
2017-07-19T13:42:32Z,72199039A1,1602df4e,6a5933,5735,840,,81,2.67,3500
2017-07-19T13:09:52Z,72183391A1,1602df4e,6a5933,5735,840,,81,0.74,3500
2017-07-19T13:21:26Z,72189199A1,1602df4e,6a5933,5735,840,,81,5.42,3500
2017-07-19T13:24:02Z,72189967A1,1602df4e,6a5933,5735,840,,81,2.65,3500
2017-07-19T13:10:02Z,72185311A1,1602df4e,6a5933,5735,840,,81,2.74,3500
2017-07-19T13:00:21Z,72199951A1,1602df4e,6a5933,5735,840,,81,2.74,3500
2017-07-19T12:44:32Z,72181039A1,1602df4e,1d8580,3381,250,,81,62.93,3500
2017-07-19T12:38:46Z,72196543A1,1602df4e,5c9c0f,7311,840,,81,0.55,3500
2017-07-19T13:06:28Z,72198463A1,1602df4e,67b186,7311,372,,81,66.07,3500
2017-07-19T13:21:42Z,72187567A1,1602df4e,b7b0f7,5734,840,,81,6.3,3500
2017-07-19T13:30:19Z,72182287A1,1602df4e,2b061b,5722,840,,1,3.31,3500
2017-07-19T13:46:56Z,72179839A1,1602df4e,5f641a,5965,250,,81,299.85,3500
2017-07-21T04:15:05Z,9098650A1,3b674434,4c0e48,5973,840,,81,3.11,4500
2017-07-21T04:17:21Z,9100234A1,3b674434,a7bdec,5733,840,,1,3.04,4500
2017-07-21T06:44:38Z,9096202A1,3b674434,845a8b,4812,826,W1J,81,1.36,4500
2017-07-21T07:40:21Z,9094138A1,3b674434,553024,4814,826,W60LH,81,4.0,4500
2017-07-21T08:10:45Z,9101242A1,3b674434,553024,4814,826,W60LH,81,26.0,4500
2017-07-25T01:49:18Z,88312164A1,5af69491,a26696,5977,840,,90,1085.19,500
2017-07-25T01:57:45Z,88312788A1,5af69491,a26696,5977,840,,90,311.17,500
2017-07-27T10:55:00Z,38177267A1,a4e3c712,e4d77e,5967,826,0,81,39.93,1500
2017-07-27T10:37:43Z,38176403A1,a4e3c712,72e81b,5967,196,,81,24.76,1500
2017-07-29T08:49:34Z,103285984A1,019e6b58,41e54c,5968,840,,81,0.64,12500
2017-07-30T12:08:37Z,103295968A1,019e6b58,675d01,4722,826,S11,81,2.0,12500
2017-07-30T12:05:19Z,103311808A1,019e6b58,675d01,4722,826,S11,81,2095.79,12500
2017-07-30T13:45:31Z,103277440A1,019e6b58,94f8d8,3245,826,LU2,81,211.07,12500
2017-08-01T05:13:27Z,104982131A1,b2cd24b9,f838b9,6011,826,SE1,5,251.0,15500
2017-08-01T07:37:53Z,29487162A1,450e5ed2,7f7cdb,5999,442,,81,33.0,7500
2017-08-04T05:17:04Z,69017164A1,5d5f7de5,f4ded8,5699,36,,81,158.07,1500
2017-08-04T05:26:40Z,69017788A1,5d5f7de5,99460,5941,840,,81,87.59,1500
2017-08-04T15:12:23Z,37717405A1,d4a7fc6f,7fed17,5964,826,W37QE,1,2.0,1500
2017-08-04T16:27:18Z,37714573A1,d4a7fc6f,5025b0,5999,442,,81,0.63,1500
2017-08-04T16:47:00Z,37719517A1,d4a7fc6f,5025b0,5999,442,,81,0.58,1500
2017-08-04T16:32:56Z,37716061A1,d4a7fc6f,5025b0,5999,442,,81,0.67,1500
2017-08-06T00:08:05Z,18232395A1,8e93ad1a,a70ae1,4814,826,SL1,1,29.0,8500
2017-08-06T04:13:20Z,18214059A1,8e93ad1a,5b3525,4814,826,RG14,81,21.0,8500
2017-08-06T02:55:26Z,18228891A1,8e93ad1a,7a17e0,7278,826,EC4R,81,120.0,7500
2017-08-07T15:50:53Z,69634229A1,6c319a1d,fc079b,4812,826,SL1,1,31.0,3500
2017-08-07T16:07:09Z,69634085A1,6c319a1d,0eead4,5814,826,E63BD,1,2.0,3500
2017-08-07T16:45:07Z,69634325A1,6c319a1d,0eead4,5814,826,E63BD,1,0.0,3500
2017-08-07T16:28:00Z,69633941A1,6c319a1d,944006,5940,840,,1,3.17,3500
2017-08-07T16:36:36Z,69633653A1,6c319a1d,a70ae1,4814,826,SL1,1,21.0,3500
2017-08-07T21:11:48Z,69633893A1,6c319a1d,0e3675,4814,528,,81,21.82,3500
2017-08-09T14:10:48Z,76099774A1,2607f05b,2a2c23,7372,528,,81,331.81,8500
2017-08-09T14:15:21Z,76098670A1,2607f05b,fcdf58,5621,826,SA6,1,371.63,8500
2017-08-09T14:16:21Z,76103806A1,2607f05b,34ba23,8398,372,,81,0.84,7500
2017-08-09T13:57:10Z,76095214A1,2607f05b,fcdf58,5621,826,SA6,1,405.4,8500
2017-08-09T13:57:35Z,76102126A1,2607f05b,944006,5713,840,,1,4.55,8500
2017-08-10T20:15:05Z,28612169A1,0646d69d,105fae,7372,196,,81,29.67,1500
2017-08-11T20:35:33Z,93422796A1,afc68591,5a476d,3389,380,,1,35.93,2500
2017-08-11T20:59:42Z,76110862A1,2607f05b,34ba23,8398,372,,81,0.74,8500
2017-08-12T18:02:11Z,93950235A1,a09baa2f,60a95c,3245,826,0,81,33.74,3500
2017-08-13T09:29:56Z,42005627A1,781f9bca,a1afbe,5734,442,,81,0.0,1500
2017-08-13T09:19:23Z,42005675A1,781f9bca,4a2ad3,4814,826,0,1,0.0,1500
2017-08-13T09:24:37Z,42006587A1,781f9bca,f4e22f,4112,826,0,1,0.0,1500
2017-08-13T09:47:20Z,42006827A1,781f9bca,76d768,5999,840,,1,3.48,1500
2017-08-13T09:44:37Z,42006443A1,781f9bca,05420c,5967,826,0,81,21.0,1500
2017-08-14T06:25:27Z,46145070A1,6bab7602,2be1cd,5735,442,,81,37.49,4500
2017-08-14T13:26:20Z,46827450A1,1abe28fc,d3e7e0,5331,840,,1,3.86,10500
2017-08-14T14:05:40Z,46833738A1,1abe28fc,e0d419,5511,826,HU13,1,457.0,10500
2017-08-14T14:13:39Z,8361583A1,117b19ff,42f8f8,3562,826,HA1,1,72.0,5500
2017-08-14T15:20:02Z,46141278A1,6bab7602,2be1cd,5735,442,,81,13.97,4500
2017-08-14T18:11:13Z,46144206A1,6bab7602,2be1cd,5735,442,,81,13.87,4500
2017-08-15T01:14:07Z,31131647A1,b73aad77,51b34b,6011,826,NG18,5,251.0,500
2017-08-15T03:23:24Z,46144542A1,6bab7602,2be1cd,5735,442,,81,22.01,4500
2017-08-15T05:46:14Z,28068436A1,239f4392,87fbbc,4722,826,W1W,81,246.2,7500
2017-08-15T04:56:56Z,94323097A1,f9c262d0,a72cd9,4722,826,WC2H,81,2.0,8500
2017-08-15T04:59:02Z,94334953A1,f9c262d0,a72cd9,4722,826,WC2H,81,0.0,7500
2017-08-15T04:56:47Z,94332937A1,f9c262d0,a72cd9,4722,826,WC2H,81,9.0,7500
2017-08-15T04:47:29Z,94321849A1,f9c262d0,8e5045,3026,826,0,81,2879.55,7500
2017-08-17T23:03:37Z,46145598A1,6bab7602,2be1cd,5735,442,,81,14.02,4500
2017-08-18T14:23:14Z,58917237A1,1aa43100,de1b6b,7512,724,,1,31.1,8500
2017-08-19T05:00:51Z,102975379A1,ebb599a4,c5a489,5999,840,,1,3.37,1500
2017-08-19T04:54:24Z,102973987A1,ebb599a4,2b2d47,5734,442,,81,0.0,1500
2017-08-19T04:50:11Z,102975235A1,ebb599a4,e8b89a,5734,372,,81,800.0,1500
2017-08-19T20:51:20Z,21307737A1,c8e8e50e,422f19,5411,826,LS11,81,0.01,12500
2017-08-19T23:18:01Z,46144062A1,6bab7602,2be1cd,5735,442,,81,35.02,4500
2017-08-19T23:02:22Z,46144926A1,6bab7602,2be1cd,5735,442,,81,13.98,4500
2017-08-20T05:44:08Z,21307353A1,c8e8e50e,422f19,5411,826,LS11,81,175.57,12500
2017-08-20T17:34:46Z,46140078A1,6bab7602,2be1cd,5735,442,,81,16.51,4500
2017-08-20T19:45:53Z,21307401A1,c8e8e50e,9f76c0,3615,826,OX9,81,139.0,12500
2017-08-20T21:27:56Z,21306825A1,c8e8e50e,9f76c0,3615,826,OX9,81,141.0,12500
2017-08-20T21:27:33Z,21306057A1,c8e8e50e,4a1023,5999,826,EN8,81,454.92,12500
2017-08-20T21:39:57Z,102974227A1,ebb599a4,948a99,4814,826,AL10,1,1.0,1500
2017-08-20T22:54:52Z,21308697A1,c8e8e50e,5025b0,5999,442,,81,0.57,12500
2017-08-20T23:00:11Z,21309705A1,c8e8e50e,7f7cdb,5641,442,,81,77.0,12500
2017-08-20T23:13:46Z,21309177A1,c8e8e50e,7f7cdb,5641,442,,81,75.0,12500
2017-08-20T23:03:20Z,21306393A1,c8e8e50e,9f76c0,3615,826,OX9,81,73.0,12500
2017-08-21T11:55:25Z,21310857A1,c8e8e50e,ba18d0,5411,826,WV2,81,281.94,12500
2017-08-29T00:33:38Z,88408480A1,6afb1c01,a8fba7,7399,826,0,81,2.0,500
2017-08-29T00:37:42Z,88408528A1,6afb1c01,a8fba7,7399,826,0,81,2.0,500
2017-08-29T00:29:50Z,88408624A1,6afb1c01,a8fba7,7399,826,0,81,2.0,500
2017-08-29T00:19:29Z,44715783A1,1f7f24bd,cc9b8e,5967,756,,81,1.98,1500
2017-08-29T00:46:48Z,44718279A1,1f7f24bd,ad41e4,5967,840,,81,0.0,1500
2017-08-29T14:59:42Z,46141614A1,6bab7602,2be1cd,5735,442,,81,37.52,4500
2017-08-29T21:13:32Z,46144494A1,6bab7602,2be1cd,5735,442,,81,34.95,4500
2017-08-30T06:00:06Z,46143630A1,6bab7602,2be1cd,5735,442,,81,35.0,4500
2017-08-30T06:19:55Z,46144254A1,6bab7602,2be1cd,5735,442,,81,13.99,4500
2017-08-30T06:28:52Z,46140894A1,6bab7602,2be1cd,5735,442,,81,14.04,4500
2017-08-31T20:25:16Z,46142142A1,6bab7602,2be1cd,5735,442,,81,35.02,4500
2017-09-04T07:01:13Z,46140846A1,6bab7602,2be1cd,5735,442,,81,35.14,4500
2017-09-07T22:10:39Z,72843444A1,c923dfbe,a70ae1,4814,826,SL1,1,11.0,10500
2017-09-08T03:27:05Z,38665968A1,47021a6b,6c8bf4,8999,826,GU24,81,27.97,13500
2017-09-08T03:18:05Z,38666448A1,47021a6b,6c8bf4,8999,826,GU24,81,426.93,13500
2017-09-08T03:13:34Z,38674800A1,47021a6b,6c8bf4,8999,826,GU24,81,374.99,13500
2017-09-08T03:23:43Z,38669184A1,47021a6b,6c8bf4,8999,826,GU24,81,105.07,13500
2017-09-08T05:33:01Z,46142814A1,6bab7602,2be1cd,5735,442,,81,70.0,4500
2017-09-08T05:57:13Z,46143822A1,6bab7602,2be1cd,5735,442,,81,34.95,4500
2017-09-08T21:20:24Z,38672496A1,47021a6b,6c8bf4,8999,826,GU24,81,27.88,13500
2017-09-08T23:41:49Z,4690956A1,e5e2790f,42736f,4722,724,,81,615.41,5500
2017-09-08T23:37:15Z,4691244A1,e5e2790f,376d7c,4722,724,,81,615.38,5500
2017-09-08T23:19:05Z,4690908A1,e5e2790f,265ec5,5999,840,,1,3.88,5500
2017-09-08T23:20:32Z,4690572A1,e5e2790f,42736f,4722,724,,81,615.42,5500
2017-09-08T23:13:44Z,4690812A1,e5e2790f,376d7c,4722,724,,81,615.46,5500
2017-09-09T09:21:07Z,39120997A1,6f01e962,67ed82,8999,196,,81,47.0,500
2017-09-09T17:56:22Z,28611017A1,0646d69d,105fae,7372,196,,81,29.73,1500
2017-09-11T15:39:17Z,47704243A1,2a16dad8,666335,5983,826,SY6,5,43.12,7500
2017-09-11T22:51:50Z,46141230A1,6bab7602,2be1cd,5735,442,,81,34.99,4500
2017-09-11T22:38:48Z,46140462A1,6bab7602,2be1cd,5735,442,,81,35.03,4500
2017-09-11T22:04:22Z,46140366A1,6bab7602,2be1cd,5735,442,,81,35.03,4500
2017-09-12T06:09:55Z,46143678A1,6bab7602,2be1cd,5735,442,,81,34.97,4500
2017-09-12T06:08:41Z,46140942A1,6bab7602,2be1cd,5735,442,,81,69.94,4500
2017-09-12T15:01:33Z,46143246A1,6bab7602,2be1cd,5735,442,,81,6.93,4500
2017-09-12T20:29:21Z,17777679A1,8ceec71a,4ad16f,7841,826,EC1N,81,3.48,10500
2017-09-13T09:10:12Z,17783535A1,8ceec71a,422f19,5411,826,LS11,81,0.02,10500
2017-09-13T14:56:07Z,17783679A1,8ceec71a,422f19,5411,826,LS11,81,313.0,10500
2017-09-13T15:58:21Z,17781471A1,8ceec71a,422f19,5411,826,LS11,81,313.0,10500
2017-09-13T17:19:00Z,29485818A1,450e5ed2,7f7cdb,5999,442,,81,23.49,8500
2017-09-13T17:04:09Z,17780703A1,8ceec71a,422f19,5411,826,LS11,81,311.0,10500
2017-09-16T16:32:26Z,28611737A1,0646d69d,ba8146,5968,826,WD5,1,0.89,500
2017-09-16T23:51:44Z,47447614A1,7728d696,195e5b,5969,356,,81,13.28,8500
2017-09-16T23:41:30Z,47445406A1,7728d696,707b6c,5977,840,,81,3.0,8500
2017-09-17T00:19:53Z,47447134A1,7728d696,65719c,5699,356,,81,34.51,8500
2017-09-17T00:26:52Z,47444734A1,7728d696,e9920c,5992,792,,81,16.21,8500
2017-09-17T00:43:18Z,47444974A1,7728d696,d0d982,7372,840,,81,145.48,8500
2017-09-17T00:38:11Z,47444878A1,7728d696,6e280a,5734,752,,81,16.36,8500
2017-09-17T01:04:28Z,47445790A1,7728d696,a0bc2b,4812,826,B81AU,81,49.16,8500
2017-09-17T01:08:13Z,47446078A1,7728d696,5c01e4,5734,442,,81,30.31,8500
2017-09-17T00:49:57Z,47447182A1,7728d696,81fa76,7372,442,,81,30.34,8500
2017-09-17T00:51:32Z,47446318A1,7728d696,9bd442,5969,840,,81,46.36,8500
2017-09-17T00:56:05Z,47444590A1,7728d696,15228f,5969,840,,81,70.04,8500
2017-09-17T00:49:17Z,47444206A1,7728d696,731601,5699,840,,81,39.39,9500
2017-09-17T00:43:22Z,47444398A1,7728d696,c3ab54,5945,840,,81,4.01,9500
2017-09-17T00:48:59Z,47447662A1,7728d696,eadffe,5045,208,,81,112.09,8500
2017-09-17T00:55:38Z,47446462A1,7728d696,5c01e4,5734,442,,81,30.32,8500
2017-09-17T01:31:15Z,47445502A1,7728d696,81fa76,7372,442,,81,30.33,8500
2017-09-17T01:31:55Z,47444494A1,7728d696,5c01e4,5734,442,,81,30.39,8500
2017-09-17T01:16:08Z,47446798A1,7728d696,d707dd,5399,840,,81,38.97,8500
2017-09-17T01:28:11Z,47445838A1,7728d696,81fa76,7372,442,,81,30.43,9500
2017-09-17T01:50:20Z,47447758A1,7728d696,cbdde0,7372,840,,81,230.81,9500
2017-09-17T02:02:59Z,47445358A1,7728d696,731601,5699,840,,81,69.9,9500
2017-09-17T02:06:31Z,47446366A1,7728d696,707b6c,5977,840,,81,6.08,8500
2017-09-17T01:44:16Z,47446510A1,7728d696,707b6c,5977,840,,81,6.15,8500
2017-09-17T01:42:54Z,47445694A1,7728d696,707b6c,5977,840,,81,5.99,8500
2017-09-17T01:29:39Z,47447422A1,7728d696,707b6c,5977,840,,81,6.03,9500
2017-09-17T01:34:23Z,47445214A1,7728d696,707b6c,5977,840,,81,6.08,9500
2017-09-17T01:36:23Z,47444302A1,7728d696,707b6c,5977,840,,81,6.13,8500
2017-09-17T01:47:38Z,47446222A1,7728d696,707b6c,5977,840,,81,6.07,8500
2017-09-17T01:22:49Z,47445742A1,7728d696,707b6c,5977,840,,81,6.1,8500
2017-09-17T01:32:54Z,47447806A1,7728d696,707b6c,5977,840,,81,6.01,9500
2017-09-17T01:31:16Z,47445550A1,7728d696,cf8306,5968,840,,1,64.13,8500
2017-09-17T01:48:28Z,47444350A1,7728d696,707b6c,5977,840,,81,6.07,9500
2017-09-17T01:47:47Z,47446030A1,7728d696,707b6c,5977,840,,81,5.98,9500
2017-09-17T02:03:21Z,47445886A1,7728d696,707b6c,5977,840,,81,6.08,9500
2017-09-17T01:55:48Z,47444926A1,7728d696,707b6c,5977,840,,81,6.04,8500
2017-09-17T01:50:38Z,47445070A1,7728d696,707b6c,5977,840,,81,6.06,8500
2017-09-17T02:00:02Z,47447038A1,7728d696,707b6c,5977,840,,81,12.1,9500
2017-09-17T01:49:22Z,47444782A1,7728d696,707b6c,5977,840,,81,6.09,8500
2017-09-17T01:42:46Z,47446702A1,7728d696,707b6c,5977,840,,81,6.11,8500
2017-09-17T01:53:19Z,47446942A1,7728d696,707b6c,5977,840,,81,3.0,8500
2017-09-17T01:55:33Z,47447326A1,7728d696,d923d5,5999,840,,1,5.56,8500
2017-09-17T08:51:22Z,47037106A1,eed89b3d,c0577e,5999,840,,1,1.66,1500
2017-09-17T11:56:35Z,46143150A1,6bab7602,2be1cd,5735,442,,81,16.4,4500
2017-09-18T11:03:01Z,46141326A1,6bab7602,2be1cd,5735,442,,81,34.96,4500
2017-09-18T11:02:17Z,46145022A1,6bab7602,2be1cd,5735,442,,81,69.95,4500
2017-09-18T11:27:15Z,46143054A1,6bab7602,2be1cd,5735,442,,81,34.95,4500
2017-09-19T17:35:53Z,21199226A1,c9f4bfea,71c852,5999,840,,1,0.96,8500
2017-09-19T17:44:06Z,21197450A1,c9f4bfea,a72cd9,4722,826,WC2H,81,0.0,7500
2017-09-19T17:36:41Z,21194618A1,c9f4bfea,a72cd9,4722,826,WC2H,81,2.0,7500
2017-09-19T17:42:07Z,21187946A1,c9f4bfea,a72cd9,4722,826,WC2H,81,21.0,7500
2017-09-19T16:52:15Z,21190346A1,c9f4bfea,b59e81,4722,826,E18DE,81,2.0,8500
2017-09-19T16:51:09Z,21196154A1,c9f4bfea,b59e81,4722,826,E18DE,81,1060.45,8500
2017-09-20T12:26:09Z,20716049A1,79e9ed1f,a20b5e,4829,826,0,81,82.46,2500
2017-09-20T13:26:53Z,20715329A1,79e9ed1f,a20b5e,4829,826,0,81,82.42,2500
2017-09-20T16:19:28Z,20324907A1,cb742ac9,57562f,6211,196,,81,2499.0,7500
2017-09-20T20:52:34Z,29485770A1,450e5ed2,e1c1e6,5946,826,SA7,81,69.99,8500
2017-09-21T16:54:54Z,46144590A1,6bab7602,2be1cd,5735,442,,81,74.98,4500
2017-09-21T17:09:02Z,46145310A1,6bab7602,2be1cd,5735,442,,81,34.94,4500
2017-09-21T16:53:59Z,46145262A1,6bab7602,2be1cd,5735,442,,81,35.0,4500
2017-09-21T19:46:23Z,46145646A1,6bab7602,2be1cd,5735,442,,81,69.98,4500
2017-09-22T13:06:05Z,7081264A1,93b6c9f7,d8b0e5,4112,826,NW1,1,0.0,7500
2017-09-22T13:46:28Z,7086928A1,93b6c9f7,cf8306,5968,840,,1,4.8,8500
2017-09-23T14:05:47Z,46140654A1,6bab7602,2be1cd,5735,442,,81,35.0,4500
2017-09-23T13:44:10Z,46140558A1,6bab7602,2be1cd,5735,442,,81,69.93,4500
2017-09-23T20:36:50Z,46144878A1,6bab7602,2be1cd,5735,442,,81,70.04,4500
2017-09-23T20:33:29Z,46142670A1,6bab7602,2be1cd,5735,442,,81,69.95,4500
2017-09-26T13:03:27Z,46141470A1,6bab7602,2be1cd,5735,442,,81,70.06,4500
2017-09-26T12:52:10Z,46142910A1,6bab7602,2be1cd,5735,442,,81,70.0,4500
2017-09-27T07:48:40Z,49952767A1,616e0e77,58e7bd,7277,528,,81,20.57,7500
2017-09-27T12:34:03Z,105716058A1,4a4a0665,440a8e,9399,826,WC2B,81,2433.67,7500
2017-09-27T13:11:31Z,105724568A1,4a4a0665,440a8e,9399,826,WC2B,81,2332.25,7500
2017-09-28T06:33:41Z,20321931A1,cb742ac9,57562f,6211,196,,81,4999.0,7500
2017-09-28T12:00:07Z,20325483A1,cb742ac9,57562f,6211,196,,81,999.0,7500
2017-09-29T07:49:34Z,28612601A1,0646d69d,ba8146,5968,826,WD5,1,27.41,1500
2017-09-30T05:42:29Z,21913969A1,50d98a08,2bdab2,9402,826,SR3,1,13.76,8500
2017-09-30T05:38:01Z,21912673A1,50d98a08,3d01dc,5999,840,,1,2.15,8500
2017-09-30T05:59:43Z,21912721A1,50d98a08,c990d6,7995,826,0,81,29.0,7500
2017-09-30T06:04:38Z,21897457A1,50d98a08,c990d6,7995,826,0,81,51.0,7500
2017-09-30T06:07:07Z,46140510A1,6bab7602,2be1cd,5735,442,,81,70.05,4500
2017-09-30T19:19:29Z,29486730A1,450e5ed2,7f7cdb,5941,442,,81,19.01,8500
2017-10-02T04:08:07Z,29486010A1,450e5ed2,7f7cdb,5732,442,,81,7.42,8500
2017-10-03T22:14:04Z,47036578A1,eed89b3d,61240e,5977,840,,1,1.33,1500
2017-10-03T22:29:12Z,47036338A1,eed89b3d,474521,7273,826,0,81,29.95,1500
2017-10-03T22:43:38Z,29483130A1,450e5ed2,b0df39,5999,442,,81,17.0,8500
2017-10-05T02:16:32Z,46143390A1,6bab7602,2be1cd,5735,442,,81,37.98,4500
2017-10-05T15:00:10Z,28611257A1,0646d69d,ba8146,5968,826,WD5,1,27.6,500
2017-10-05T17:43:33Z,61500394A1,0f2f3861,e8e752,5942,124,,81,0.01,2500
2017-10-06T08:50:17Z,28610633A1,0646d69d,ba8146,5968,826,WD5,1,0.35,1500
2017-10-07T12:17:30Z,46142430A1,6bab7602,2be1cd,5735,442,,81,36.86,4500
2017-10-08T09:50:57Z,46142190A1,6bab7602,2be1cd,5735,442,,81,35.0,4500
2017-10-08T16:32:36Z,28610729A1,0646d69d,105fae,7372,196,,81,29.79,500
2017-10-09T08:59:36Z,101042731A1,a241e311,2685cb,7995,826,0,81,101.0,1500
2017-10-12T13:57:46Z,28611977A1,0646d69d,88705e,7372,840,,81,27.82,1500
2017-10-12T22:28:05Z,101038315A1,a241e311,a84a03,7995,470,,81,99.0,1500
2017-10-13T01:26:44Z,101043259A1,a241e311,a84a03,7995,470,,81,99.0,1500
2017-10-13T01:07:56Z,101037595A1,a241e311,a84a03,7995,470,,81,101.0,1500
2017-10-13T01:01:38Z,101043355A1,a241e311,a84a03,7995,470,,81,49.0,1500
2017-10-13T21:35:43Z,28610105A1,0646d69d,88705e,7372,840,,81,0.31,500
2017-10-14T18:29:39Z,20588220A1,6fbdfe55,37d99e,5964,392,,81,362.58,1500
2017-10-14T18:28:31Z,20581644A1,6fbdfe55,37d99e,5964,392,,81,362.54,1500
2017-10-16T02:44:05Z,28610441A1,0646d69d,267da7,7372,840,,81,29.75,1500
2017-10-16T23:02:51Z,46144782A1,6bab7602,2be1cd,5735,442,,81,2.5,4500
2017-10-16T23:38:09Z,46141182A1,6bab7602,2be1cd,5735,442,,81,2.64,4500
2017-10-16T23:44:18Z,46144830A1,6bab7602,2be1cd,5735,442,,81,2.49,4500
2017-10-17T00:03:35Z,46142334A1,6bab7602,2be1cd,5735,442,,81,2.44,4500
2017-10-16T23:46:26Z,28609913A1,0646d69d,0e4521,5734,840,,81,0.33,500
2017-10-17T19:46:34Z,20428897A1,74851326,cf8306,5968,840,,1,4.78,7500
2017-10-18T04:07:06Z,28611065A1,0646d69d,0e4521,5734,840,,1,0.22,1500
2017-10-18T20:52:00Z,28612553A1,0646d69d,0e4521,5734,840,,1,0.3,500
2017-10-20T00:35:39Z,28612313A1,0646d69d,53f7ad,7372,840,,81,27.56,1500
2017-10-20T09:02:32Z,28610297A1,0646d69d,105fae,7372,196,,81,0.33,500
2017-10-21T07:40:59Z,28611833A1,0646d69d,53f7ad,7372,840,,81,0.31,500
2017-10-23T08:18:10Z,47558147A1,3ec9dda7,dc62a4,3246,826,CM24,81,170.7,3500
2017-10-23T08:10:47Z,47541923A1,3ec9dda7,883b75,7311,372,,81,19.13,3500
2017-10-23T08:26:01Z,47540243A1,3ec9dda7,fe02e2,5968,840,,81,54.11,3500
2017-10-23T08:32:54Z,47564963A1,3ec9dda7,816f33,4812,840,,81,69.9,3500
2017-10-23T08:29:36Z,47540147A1,3ec9dda7,1dc370,5946,840,,81,254.21,3500
2017-10-23T08:48:09Z,47541779A1,3ec9dda7,952627,4816,372,,81,0.59,3500
2017-10-23T08:48:15Z,47540771A1,3ec9dda7,e8e752,5942,124,,81,0.11,3500
2017-10-23T08:52:32Z,47543555A1,3ec9dda7,e2a87d,4816,840,,81,241.14,3500
2017-10-23T08:51:24Z,47560163A1,3ec9dda7,1dc370,5946,840,,81,254.14,3500
2017-10-23T09:04:38Z,47550611A1,3ec9dda7,1dc370,5946,840,,81,254.17,3500
2017-10-23T08:47:01Z,47546483A1,3ec9dda7,52e9d5,5611,826,W12,81,196.0,3500
2017-10-23T08:53:20Z,47557379A1,3ec9dda7,e62a7e,7372,196,,81,39.69,3500
2017-10-23T08:53:41Z,47554883A1,3ec9dda7,73551f,5941,840,,81,150.45,3500
2017-10-23T08:49:40Z,47546963A1,3ec9dda7,67d7dd,5732,826,W45PY,81,343.71,3500
2017-10-23T08:55:48Z,47552819A1,3ec9dda7,1ce183,5969,840,,81,58.01,3500
2017-10-23T08:33:16Z,47561219A1,3ec9dda7,e263e6,5691,840,,81,220.62,3500
2017-10-23T08:31:11Z,47550035A1,3ec9dda7,1ce183,5969,840,,81,367.52,3500
2017-10-23T08:06:53Z,47561123A1,3ec9dda7,8cf00b,5311,156,,81,49.86,3500
2017-10-23T08:29:08Z,47553971A1,3ec9dda7,2ffef6,4812,840,,1,445.49,3500
2017-10-23T08:33:06Z,47544275A1,3ec9dda7,6e3608,5732,840,,81,363.16,3500
2017-10-23T08:50:21Z,47542019A1,3ec9dda7,e8e752,5942,124,,81,-0.03,3500
2017-10-23T08:44:16Z,47556707A1,3ec9dda7,1dc370,5732,840,,81,43.51,3500
2017-10-23T08:49:33Z,47540963A1,3ec9dda7,7ab79a,5968,840,,1,23.33,3500
2017-10-23T08:35:40Z,47548547A1,3ec9dda7,7ab79a,5968,840,,1,13.7,3500
2017-10-23T08:39:29Z,47557811A1,3ec9dda7,75c286,5734,124,,81,1.19,3500
2017-10-23T08:02:26Z,47563235A1,3ec9dda7,0e8bbe,5661,840,,81,62.53,3500
2017-10-23T07:50:03Z,47553059A1,3ec9dda7,4fd0ff,5735,442,,81,1.54,3500
2017-10-23T07:45:16Z,47540627A1,3ec9dda7,60f704,5968,840,,81,4.85,3500
2017-10-23T07:38:56Z,47557139A1,3ec9dda7,60f704,5968,840,,81,3.62,3500
2017-10-23T07:52:58Z,47558579A1,3ec9dda7,7ab79a,5968,840,,1,4.17,3500
2017-10-23T08:58:08Z,47553203A1,3ec9dda7,60f704,5968,840,,81,4.9,3500
2017-10-23T09:28:17Z,47550947A1,3ec9dda7,60f704,5968,840,,81,3.7,3500
2017-10-23T09:34:47Z,47554019A1,3ec9dda7,9c00d7,5947,840,,81,49.76,3500
2017-10-23T09:33:15Z,47564003A1,3ec9dda7,1dc370,5611,840,,81,38.45,3500
2017-10-23T09:32:57Z,47562083A1,3ec9dda7,8820,5945,840,,81,60.19,3500
2017-10-23T09:11:02Z,47560835A1,3ec9dda7,d22c4a,5699,840,,81,82.47,3500
2017-10-23T08:46:25Z,47546147A1,3ec9dda7,6e3608,5732,840,,81,334.28,3500
2017-10-23T08:30:34Z,47557571A1,3ec9dda7,883b75,7311,372,,81,19.11,3500
2017-10-23T08:08:56Z,47562275A1,3ec9dda7,a0cf4e,7994,840,,81,60.19,3500
2017-10-23T07:56:17Z,47543699A1,3ec9dda7,4a15ab,7994,826,SW19,81,60.21,3500
2017-10-23T08:00:47Z,47542739A1,3ec9dda7,67d7dd,5732,826,W45PY,81,343.7,3500
2017-10-23T08:31:57Z,47559923A1,3ec9dda7,60f704,5968,840,,81,5.46,3500
2017-10-23T08:26:59Z,47549795A1,3ec9dda7,60f704,5968,840,,81,2.36,3500
2017-10-23T07:56:22Z,47559203A1,3ec9dda7,982516,5399,36,,81,78.32,3500
2017-10-23T07:50:26Z,47548067A1,3ec9dda7,691af0,8699,840,,81,60.21,3500
2017-10-23T07:57:18Z,47550083A1,3ec9dda7,f931b8,7273,826,EC2V,81,60.16,3500
2017-10-23T08:01:38Z,47556131A1,3ec9dda7,30d1b2,5967,616,,81,0.61,3500
2017-10-23T08:24:02Z,47545619A1,3ec9dda7,e8e752,5942,124,,81,-0.12,3500
2017-10-23T08:17:24Z,47546051A1,3ec9dda7,7b90d5,7311,372,,81,120.34,3500
2017-10-23T09:20:13Z,47543171A1,3ec9dda7,0086ec,5691,724,,81,255.04,3500
2017-10-23T09:12:30Z,47546195A1,3ec9dda7,66bc42,7372,840,,81,0.32,3500
2017-10-23T09:35:38Z,47554643A1,3ec9dda7,96adf3,5111,840,,81,69.25,3500
2017-10-23T11:47:20Z,47544563A1,3ec9dda7,e8e752,5942,124,,81,-0.03,3500
2017-10-23T10:55:48Z,47542355A1,3ec9dda7,75c286,5734,124,,81,1.25,3500
2017-10-23T11:26:28Z,28611113A1,0646d69d,ae5fe3,7399,840,,1,29.83,1500
2017-10-23T11:38:14Z,47540291A1,3ec9dda7,616ed1,7832,372,,81,4.99,3500
2017-10-23T11:39:18Z,47549843A1,3ec9dda7,e8e752,5942,124,,81,0.09,3500
2017-10-23T11:19:22Z,47548451A1,3ec9dda7,e8e752,5942,124,,81,0.02,3500
2017-10-23T11:53:54Z,47558675A1,3ec9dda7,75c286,5734,124,,81,1.26,3500
2017-10-23T14:03:45Z,47550659A1,3ec9dda7,628480,5651,724,,81,322.45,3500
2017-10-24T10:58:04Z,46140606A1,6bab7602,2be1cd,5735,442,,81,2.45,4500
2017-10-24T18:58:11Z,28610825A1,0646d69d,105fae,7372,196,,81,0.3,1500
2017-10-25T19:59:55Z,46838998A1,0e6ea3c7,5025b0,5999,442,,81,0.57,8500
2017-10-25T22:04:57Z,46836070A1,0e6ea3c7,143382,5046,826,B55QF,1,3197.0,8500
2017-10-26T03:53:00Z,28612121A1,0646d69d,0e4521,5734,840,,1,0.36,500
2017-10-26T12:16:29Z,99144698A1,36738c38,a540b6,4816,826,W26NB,81,49.91,14500
2017-10-27T11:23:14Z,28611545A1,0646d69d,4ba47f,5969,826,WD5,1,27.6,500
2017-10-30T11:54:36Z,28612745A1,0646d69d,ae5fe3,7399,840,,1,29.94,1500
2017-10-31T14:39:45Z,46144686A1,6bab7602,2be1cd,5735,442,,81,2.45,4500
2017-11-02T15:16:59Z,39291878A1,86436743,a6bd82,5499,826,0,1,62.66,2500
2017-11-02T14:48:35Z,39289190A1,86436743,9b0ff3,5946,840,,1,5.46,2500
2017-11-02T15:42:56Z,39287270A1,86436743,865c3f,5732,372,,81,318.0,2500
2017-11-02T16:11:51Z,39287654A1,86436743,865c3f,5732,372,,81,320.0,2500
2017-11-03T10:51:52Z,28610921A1,0646d69d,4ba47f,5969,826,WD5,1,27.61,500
2017-11-06T21:37:15Z,28612265A1,0646d69d,3caf5d,7379,840,,81,29.51,500
2017-11-07T21:26:44Z,2037447A1,f6987c1f,ccab0a,5399,826,LD3,81,187.48,3500
2017-11-07T21:54:27Z,2036871A1,f6987c1f,a70ae1,4814,826,SL1,1,21.0,3500
2017-11-07T23:05:42Z,46143486A1,6bab7602,2be1cd,5735,442,,81,2.59,4500
2017-11-08T03:32:57Z,105514561A1,8335a513,67dc66,7994,250,,81,27.99,8500
2017-11-08T08:27:33Z,6044926A1,a3a7ae81,2dfe82,7273,840,,81,1.27,500
2017-11-09T21:18:26Z,28612841A1,0646d69d,b3be2c,4784,826,CV3,81,11.0,500
2017-11-12T19:06:01Z,69793527A1,49a40fab,2b999f,5999,840,,81,1.84,8500
2017-11-12T19:24:22Z,69807687A1,49a40fab,5b523d,5941,840,,81,487.48,8500
2017-11-14T15:26:04Z,15254404A1,7aae4800,3fbfa6,6300,826,CM20,1,99.45,7500
2017-11-16T05:46:16Z,81909034A1,be03c407,47b807,5977,826,0,81,51.4,1500
2017-11-17T15:25:41Z,18680890A1,69c89436,a1a56c,5967,826,0,81,0.0,500
2017-11-17T16:08:35Z,18680986A1,69c89436,a1a56c,5967,826,0,81,88.0,500
2017-11-18T08:50:09Z,81909322A1,be03c407,56633a,7399,826,0,81,25.66,2500
2017-11-18T08:42:21Z,95951590A1,5576aade,04c1d2,5812,826,WD6,81,32.49,4500
2017-11-18T08:57:14Z,6043438A1,a3a7ae81,bc2ba0,7273,840,,81,21.02,500
2017-11-20T02:01:37Z,101063604A1,284b2505,d1b3b5,5499,826,RG6,5,1.35,4500
2017-11-20T02:13:19Z,101053908A1,284b2505,fc079b,4812,826,EN8,1,14.0,4500
2017-11-20T02:50:19Z,101052660A1,284b2505,d1b3b5,5499,826,RG6,5,1.47,4500
2017-11-20T02:35:17Z,101070084A1,284b2505,d1b3b5,5499,826,RG6,5,1.49,4500
2017-11-20T02:30:32Z,101054676A1,284b2505,d1b3b5,5499,826,RG6,5,1.52,4500
2017-11-21T11:10:38Z,34296852A1,2e8864ab,0e0a60,5719,840,,1,4.95,13500
2017-11-21T11:06:26Z,95954230A1,5576aade,6f4a03,5661,826,SE1,81,193.0,4500
2017-11-21T10:58:12Z,34296948A1,2e8864ab,1.54E+60,5651,372,,81,93.46,13500
2017-11-23T13:22:49Z,76536701A1,5cbab5e0,7f7cdb,5732,442,,81,77.94,1500
2017-11-23T20:34:22Z,95955046A1,5576aade,3f7d21,4121,826,NW1,1,41.74,4500
2017-11-24T09:32:43Z,95955862A1,5576aade,5192a1,9399,826,NN1,1,191.0,4500
2017-11-24T12:19:34Z,58908741A1,1aa43100,397e4b,7399,826,SW1W,81,2.0,8500
2017-11-24T15:16:44Z,95957974A1,5576aade,04c1d2,5812,826,WD6,81,35.15,4500
2017-11-24T15:47:50Z,95961334A1,5576aade,04c1d2,5812,826,WD6,81,35.1,4500
2017-11-24T19:12:25Z,95950390A1,5576aade,a2f428,4131,826,B56DD,81,18.0,4500
2017-11-25T05:41:59Z,84566153A1,ded00479,14668d,4814,826,SL1,1,1.0,7500
2017-11-25T05:51:27Z,84571433A1,ded00479,14668d,4814,826,SL1,1,1.03,7500
2017-11-25T16:38:06Z,84572201A1,ded00479,9eab2e,5941,826,BL9,81,374.0,7500
2017-11-26T09:16:03Z,5695989A1,e37becb0,ccd2a9,4814,826,LS11,81,2.0,4500
2017-11-26T12:11:33Z,5698005A1,e37becb0,a8cc5a,5967,826,DH2,81,40.04,4500
2017-11-29T23:52:10Z,84629586A1,40dc1f56,2c3633,5411,826,PO33,81,61.88,4500
2017-12-02T11:52:15Z,6218865A1,fe3d46fc,5aeed4,5967,372,,81,59.98,2500
2017-12-02T11:35:32Z,6215841A1,fe3d46fc,c0a80d,5967,826,GY1,81,37.73,2500
2017-12-02T11:37:51Z,6219153A1,fe3d46fc,c0a80d,5967,826,GY1,81,37.82,2500
2017-12-04T07:16:26Z,46988576A1,525bd44f,b7f791,5977,840,,1,3.41,8500
2017-12-04T12:29:49Z,70316383A1,84976b5d,b3be2c,4784,826,CV3,1,9.0,5500
2017-12-04T12:49:11Z,70316527A1,84976b5d,1ee12e,6300,826,G71,1,190.85,5500
2017-12-04T13:44:36Z,70316431A1,84976b5d,b04f6b,9222,826,DL3,1,211.0,5500
2017-12-04T14:05:05Z,70316335A1,84976b5d,b04f6b,9222,826,DL3,1,209.0,5500
2017-12-06T20:36:40Z,107520389A1,3e35b71e,e0f19a,7273,826,E1W,81,14.9,6500
2017-12-08T05:22:01Z,107520461A1,3e35b71e,18263f,5947,840,,81,54.22,6500
2017-12-09T20:27:28Z,84630210A1,40dc1f56,b15938,5411,826,AL7,81,3.0,4500
2017-12-10T12:10:15Z,30431597A1,e56f80d5,f34882,5967,442,,81,93.93,500
2017-12-10T12:00:53Z,30431549A1,e56f80d5,047be1,5999,840,,81,0.57,500
2017-12-10T11:15:51Z,30431645A1,e56f80d5,f34882,5967,442,,81,93.98,500
2017-12-10T11:14:07Z,30431837A1,e56f80d5,f34882,5967,442,,81,66.07,500
2017-12-11T22:08:41Z,36051571A1,83d8d3ae,baf1d4,5964,156,,81,9.52,7500
2017-12-12T10:14:31Z,54574380A1,23ce118b,7a2c4b,7995,826,GY9,81,99.0,500
2017-12-12T10:10:29Z,54573996A1,23ce118b,7a2c4b,7995,826,GY9,81,99.0,500
2017-12-12T09:52:41Z,54573660A1,23ce118b,7a2c4b,7995,826,GY9,81,101.0,500
2017-12-12T10:09:38Z,54574812A1,23ce118b,3dfbdf,7995,826,GY1,81,49.0,500
2017-12-12T11:45:03Z,54574188A1,23ce118b,c4cf3a,7995,292,,1,99.0,500
2017-12-12T12:06:07Z,54574044A1,23ce118b,c4cf3a,7995,292,,1,99.0,500
2017-12-12T11:39:31Z,54574668A1,23ce118b,c4cf3a,7995,292,,1,101.0,500
2017-12-12T21:04:39Z,237044A1,446aa601,8d9125,6300,826,GU1,1,21.05,8500
2017-12-13T02:12:43Z,242660A1,446aa601,3c81f6,4899,826,EH54,1,201.8,7500
2017-12-13T06:17:20Z,28896096A1,5c832e0e,39e61a,5967,196,,81,1.27,500
2017-12-13T06:25:26Z,28896528A1,5c832e0e,51c939,5967,196,,81,22.02,500
2017-12-13T06:23:49Z,28896000A1,5c832e0e,51c939,5967,196,,81,1.25,500
2017-12-13T06:13:58Z,28895856A1,5c832e0e,51c939,5967,196,,81,1.22,500
2017-12-14T21:58:56Z,241604A1,446aa601,61ed16,4816,826,W11,1,153.91,8500
2017-12-14T21:56:41Z,242996A1,446aa601,61ed16,4816,826,W11,1,153.89,7500
2017-12-15T15:02:15Z,58921365A1,1aa43100,397e4b,7399,826,SW1W,81,2.93,7500
2017-12-17T23:45:40Z,101138386A1,dc06540a,160d46,6011,608,,90,136.63,1500
2017-12-17T23:12:53Z,101134594A1,dc06540a,160d46,6011,608,,90,136.61,1500
2017-12-18T04:48:28Z,101135986A1,dc06540a,5f19da,6011,608,,90,136.56,1500
2017-12-18T14:31:39Z,65421067A1,2c450de8,7cac2b,5722,826,TW2,81,9.96,9500
2017-12-19T17:08:43Z,65422315A1,2c450de8,e7b689,5192,826,E98,81,2.0,9500
2017-12-19T16:54:14Z,65420779A1,2c450de8,e7b689,5192,826,E98,81,2.0,9500
2017-12-20T10:04:52Z,65422603A1,2c450de8,fbf582,5651,826,NW1,81,294.86,9500
2017-12-20T09:50:42Z,65422699A1,2c450de8,6eeb4c,5998,840,,1,2.48,9500
2017-12-21T14:39:27Z,60888847A1,27a5a5b6,243074,5969,442,,81,0.0,12500
2017-12-22T14:58:04Z,99186066A1,b75a96dc,cd7267,7299,826,RG12,1,199.0,500
2017-12-22T15:23:52Z,99186162A1,b75a96dc,8acf35,5046,840,,81,0.48,500
2017-12-31T20:54:25Z,70110100A1,4cfd251e,b9218b,6011,826,W69XB,5,249.0,1500
2018-01-01T22:51:17Z,45624474A1,de0637d5,dfce69,5621,840,,1,4.11,1500
2018-01-02T01:13:11Z,45624090A1,de0637d5,2656d6,4814,826,0,1,28.0,1500
2018-01-04T20:11:42Z,20898916A1,0f1389d3,5025b0,5999,442,,81,0.65,4500
2018-01-04T20:05:37Z,20897140A1,0f1389d3,8214c2,5331,840,,1,0.94,4500
2018-01-05T01:17:26Z,107520305A1,3e35b71e,e0f19a,7273,826,E1W,81,19.95,6500
2018-01-10T13:21:01Z,14217889A1,499ef8d0,cf79c3,5542,826,NW9,5,0.0,7500
2018-01-12T06:44:58Z,14213713A1,499ef8d0,1fe47b,5734,840,,81,0.56,7500
2018-01-14T09:38:58Z,103190434A1,80e1148b,facdc8,5311,840,,90,384.06,14500
2018-01-15T22:33:58Z,87910732A1,b43384c4,f2c1bd,5734,840,,81,3.72,8500
2018-01-17T08:11:55Z,13224204A1,170b0451,cd43aa,5411,840,,90,301.09,2500
2018-01-17T07:56:16Z,13226028A1,170b0451,cd43aa,5411,840,,90,305.0,2500
2018-01-18T20:49:28Z,50003959A1,4547ba27,440660,9399,826,B47AB,1,9.0,10500
2018-01-18T21:17:10Z,50010775A1,4547ba27,e57467,4121,826,EC3V,81,2.0,10500
2018-01-18T21:54:35Z,49999015A1,4547ba27,61630b,5969,826,G25EA,1,48.0,10500
2018-01-18T21:50:17Z,50000887A1,4547ba27,798306,5681,840,,1,0.83,10500
2018-01-18T22:03:14Z,50009335A1,4547ba27,e57467,4121,826,EC3V,1,125.0,10500
2018-01-18T22:08:28Z,50003143A1,4547ba27,e57467,4121,826,EC3V,1,128.58,10500
2018-01-18T22:55:47Z,50009623A1,4547ba27,e57467,4121,826,EC3V,1,130.74,10500
2018-01-18T23:54:40Z,50007847A1,4547ba27,e57467,4121,826,EC3V,1,12.47,10500
2018-01-18T23:58:50Z,50002999A1,4547ba27,e57467,4121,826,EC3V,1,122.21,10500
2018-01-19T00:26:17Z,50011255A1,4547ba27,e57467,4121,826,EC3V,1,122.25,10500
2018-01-19T00:07:16Z,50006647A1,4547ba27,e57467,4121,826,EC3V,1,122.22,10500
2018-01-19T00:11:45Z,50007079A1,4547ba27,e57467,4121,826,EC3V,1,122.32,10500
2018-01-19T00:00:47Z,50011303A1,4547ba27,e57467,4121,826,EC3V,1,127.72,10500
2018-01-18T23:42:34Z,50000167A1,4547ba27,e57467,4121,826,EC3V,1,128.25,10500
2018-01-18T23:50:02Z,50002183A1,4547ba27,e57467,4121,826,EC3V,1,128.3,10500
2018-01-18T23:26:59Z,50011591A1,4547ba27,e57467,4121,826,EC3V,1,110.45,10500
2018-01-18T23:50:24Z,50011639A1,4547ba27,e57467,4121,826,EC3V,1,128.25,10500
2018-01-22T14:03:41Z,44731133A1,ab1eeb21,d215c7,5065,826,0,81,0.52,2500
2018-01-22T17:29:25Z,38340116A1,124ea731,cf95f4,7372,840,,81,17.21,1500
2018-01-22T17:45:18Z,38340596A1,124ea731,eea3dc,4722,826,0,81,71.91,1500
2018-01-22T17:24:56Z,38336612A1,124ea731,c83dd1,3013,380,,81,532.0,1500
2018-01-22T17:31:43Z,38334020A1,124ea731,fd9c53,3014,826,33178,1,1658.2,1500
2018-01-22T18:12:26Z,38341940A1,124ea731,e8a5b8,3136,752,,81,330.29,1500
2018-01-26T14:08:44Z,14215297A1,499ef8d0,1fe47b,5734,840,,81,117.99,7500
2018-01-26T22:25:45Z,15926483A1,44c5d9ae,dde98b,6300,380,,81,206.66,1500
2018-01-26T23:30:06Z,15927635A1,44c5d9ae,0e8039,6300,826,PE2,1,123.25,1500
2018-01-27T00:21:36Z,15930035A1,44c5d9ae,30a3b3,4812,826,CR0,1,19.0,1500
2018-01-28T01:53:17Z,48693018A1,cf56ce28,1a0510,6011,840,,90,120.76,2500
